DELETE FROM user_organization;
DELETE FROM user_skill;
DELETE FROM user_project;
DELETE FROM project_skill;
DELETE FROM project;
DELETE FROM organization;
DELETE FROM user;
DELETE FROM skill;

INSERT INTO `project` (`id`,`organization_id`,`name`,`description`,`address1`,`address2`,`city`,`state`,`country`,`zip`,`remote_flag`,`status`,`created_time`,`updated_time`,`image_url`) VALUES (1,4,'Website building - CMS','This volunteer opportunity was originally posted on Catchafire, an online tool that connects nonprofits & social enterprises with passionate professionals who want to donate their skills, pro bono. All Catchafire volunteer opportunities are well scoped, flexible, and include access to support from Catchafire’s team of Nonprofit Advisors.',NULL,NULL,NULL,NULL,NULL,NULL,'Y','A','2016-02-18 20:46:01','2016-08-01 11:54:34','https://gallery.mailchimp.com/89ad8b5e6d0f615d934e3f374/images/0f1d9b58-0615-435e-b35e-299502d47b08.jpg');
INSERT INTO `project` (`id`,`organization_id`,`name`,`description`,`address1`,`address2`,`city`,`state`,`country`,`zip`,`remote_flag`,`status`,`created_time`,`updated_time`,`image_url`) VALUES (2,3,'Android app development','At The Sankofa Center we empower people to change lives and foster healthy behaviors to prevent, detect, and treat HIV/AIDS. We do this through utilizing traditional African dance & drama fused with health information to educate people of all ages in Ghana. We are committed to providing free counseling, rapid HIV/AIDS testing and connecting people with HIV/AIDS to local medical resources. We value equipping the next generation with tools to wipe out HIV/AIDS with a compassionate and open-minded ethos. Since 2004 we have educated 35,000 students about HIV prevention, 50,000 community members on HIV transmission, and have provided over 4,000 individuals with free rapid HIV testing ...',NULL,NULL,NULL,NULL,NULL,NULL,'Y','A','2016-03-08 07:14:34','2016-10-26 16:06:11','https://cdn.pixabay.com/photo/2016/09/30/10/33/kermit-1704932__340.jpg');
INSERT INTO `project` (`id`,`organization_id`,`name`,`description`,`address1`,`address2`,`city`,`state`,`country`,`zip`,`remote_flag`,`status`,`created_time`,`updated_time`,`image_url`) VALUES (3,15,'Wordpress web development','\"WordPress website programming and design volunteers wanted for the End Poverty Campaign. You can help improve our http://www.change.net website, already reaching millions of visitors a year. Flexible hours are available.\n\nSKILLS WE SEEK We seek both programmers and theme (web page) designers. WordPress experience is ideal, but experience with other CMSs, HTML, PHP, MySQL and CSS is also very welcome!\n\nIMPORTANT:\nWe require at least a year of experience - and several years for some activities. Except for those with high level, professional skills, we ask most volunteers to average at least 15 hours a week. Some exceptions to these guidelines are possible. You can speak with us about this before ...\"',NULL,NULL,NULL,NULL,NULL,NULL,'Y','A','2016-01-10 07:04:04','2016-11-01 18:32:12','https://cdn.pixabay.com/photo/2016/07/06/06/25/pixabay-1500031__340.jpg');
INSERT INTO `project` (`id`,`organization_id`,`name`,`description`,`address1`,`address2`,`city`,`state`,`country`,`zip`,`remote_flag`,`status`,`created_time`,`updated_time`,`image_url`) VALUES (4,17,'Help our org build our website','This is a new organization that is looking for a web designer to build its website',NULL,NULL,NULL,NULL,NULL,NULL,'Y','D','2016-02-07 05:26:02','2016-12-15 22:40:45','https://cdn.pixabay.com/photo/2016/02/09/17/26/database-1189982__340.jpg');
INSERT INTO `project` (`id`,`organization_id`,`name`,`description`,`address1`,`address2`,`city`,`state`,`country`,`zip`,`remote_flag`,`status`,`created_time`,`updated_time`,`image_url`) VALUES (5,19,'Can you code and help us?','\"Teachers would love to have somebody passionate about computer science education who can help in the classroom, or for somebody who can inspire their students by talking about the breadth of possibilities with computer science (which could be done through a video chat). Learn more about our volunteer program here.\n\nAre you a teacher looking for volunteers? Find a local volunteer on our volunteer map.\"','44 Shirley Ave.',NULL,'West Chicago','IL','USA','60185','N','A','2016-04-26 15:42:21','2016-09-05 03:47:10','https://cdn.pixabay.com/photo/2016/02/09/08/20/data-1188512__340.jpg');
INSERT INTO `project` (`id`,`organization_id`,`name`,`description`,`address1`,`address2`,`city`,`state`,`country`,`zip`,`remote_flag`,`status`,`created_time`,`updated_time`,`image_url`) VALUES (6,12,'Needed JAVA coders','We are a good ways into this software project which allows for an embedded poll using approval voting and our branding. It is an open-source software project using Python on Github. We have issues laid out on Github and have an active forum.\n\nIn your application, please include (1) a resume or LinkedIn profile, (2) why you are interested in this project, and (3) indicate whether you would like to be the a lead developer. We will refer you to the forum right after. Thanks for your interest!\n\nopen-source software project using python on Github\"',NULL,NULL,NULL,NULL,NULL,NULL,'Y','A','2016-06-02 16:08:53','2016-09-10 06:41:36','https://cdn.pixabay.com/photo/2015/10/09/09/26/data-978962__340.jpg');
INSERT INTO `project` (`id`,`organization_id`,`name`,`description`,`address1`,`address2`,`city`,`state`,`country`,`zip`,`remote_flag`,`status`,`created_time`,`updated_time`,`image_url`) VALUES (7,14,'Web Developer','\"Responsibilities\n\n? Develop and implement front-end web code and design standards for writing clean,\n\nsemantic code.\n\n? Wireframe and mockup revamped or brand new site pages.\n\n? Collaborate with marketing teammates and other project stakeholders.\n\n? Proactively scope and present new ideas to improve our website experience for\n\nprospects, leads, and customers.\n\n? Manage and improve organic search engine performance and goal-setting based on\n\nclickthrough rates, traffic, and conversions.\n\n? Stay up-to- date with the latest trends and changes with SEO and major search engines.\n\nRequirements\n\n? Strong background with HTML5, CSS3, JavaScript, and jQuery.\n\n? Domain expertise in UI/UX best practices. Problem solver ...\"','Level 10, MLC Centre','19-29 Martin Place','Sydney','NSW','AUS','2000','N','A','2016-05-02 14:42:09','2016-12-07 23:14:29','https://cdn.pixabay.com/photo/2016/02/27/18/46/pixabay-1226057__340.jpg');
INSERT INTO `project` (`id`,`organization_id`,`name`,`description`,`address1`,`address2`,`city`,`state`,`country`,`zip`,`remote_flag`,`status`,`created_time`,`updated_time`,`image_url`) VALUES (8,8,'Graphic Designer','This is the social enterprise data harvesting for impact hackathon. There are multiple sections of the hackathon you can help in. This volunter opportunity focuses on finding go-tomarket challenges of the social enterprise sector within this data set. https://docs.google.com/spreadsheets/d/1ttZLft3kWpPZcW4uCJwL57_Vs9nZmfXuaTh1yfxRQ0I/edit?usp=sharing. Terms and condtions of volunteering can be found here (www.advancesocialinnovation.org and here: https://docs.google.com/forms/d/1P-DMefgQCaH7p1u_9Hgl6BSFEN9pC6NDs_onxoaVgMc/edit?ts=57ccc12a. The goal is to label and harvest data from twitter on social enterprise so that we can create maps of resources that existin the sector for social enterprises.',NULL,NULL,NULL,NULL,NULL,NULL,'Y','A','2016-04-22 21:06:04','2016-11-29 10:58:54','https://cdn.pixabay.com/photo/2015/10/09/09/27/clouds-978965__340.jpg');
INSERT INTO `project` (`id`,`organization_id`,`name`,`description`,`address1`,`address2`,`city`,`state`,`country`,`zip`,`remote_flag`,`status`,`created_time`,`updated_time`,`image_url`) VALUES (9,6,'Homeowners Needed to Volunteer to Evaluate Special Online Consumer Awareness Home Study Course','\"*This Is A Vitual \"\"15 - 30 - minute\"\" Evaluation of Our National Consumer Awareness Home Study Course for U.S. Homeowners\n\nRequirements & Description\n\n* Please, be 18 years of age or older); a U.S. citizen and homeowner.\n\nThis is a free online 2-week crash course first developed in 2015 in association with HGRBS as an extra means towards enabling you to make better decisions about authorizing home improvement support from trustworthy contractors.\n\nThe free online home study course is \"\"Protocol & Performance.\"\" Consistent with HGRBS \"\"Free Service Policy,\"\" this special ...\"',NULL,NULL,NULL,NULL,NULL,NULL,'Y','D','2016-02-09 03:48:58','2016-11-02 11:18:02',NULL);
INSERT INTO `project` (`id`,`organization_id`,`name`,`description`,`address1`,`address2`,`city`,`state`,`country`,`zip`,`remote_flag`,`status`,`created_time`,`updated_time`,`image_url`) VALUES (10,10,'College Engagement Manager','\"JerseySTEM has developped relationships with colleges in New Jersey in order to recruit volunteer college students to coach its afterschool enrichmenet programs in New Jersey.\n\nThe role of the relationship manager is to maintain existing and develop new relationships within the New Jersey based institutions, identify contct person in the universities, the different student clubs, service based greek life organizations,...\n\nMostly emails and occasional phone, you will set up meetings to introduce JerseySTEM and coordinate on-campus presentations.\"',NULL,NULL,NULL,NULL,NULL,NULL,'Y','A','2016-03-14 22:41:44','2016-07-24 03:21:36','https://cdn.pixabay.com/photo/2015/03/20/08/54/graffiti-681940__340.jpg');
INSERT INTO `project` (`id`,`organization_id`,`name`,`description`,`address1`,`address2`,`city`,`state`,`country`,`zip`,`remote_flag`,`status`,`created_time`,`updated_time`,`image_url`) VALUES (11,12,'Social Media and Communication Specialist','Social Media and Communications Specialist to review, update and coordinate RAD social media sites and internet presence. Work with RAD staff to evaluate social media presence and to update website, facebook, twitter accounts and to add necessary accounts, monitor, and post on a regular basis. Will also be helpful with RAD Blast which is a newsletter that comes out regularly with information about RAD events, such as our contest, workshops, etc.. Create videos, postings, blogs, and be involved in developing communication programming. Will meet with RAD staff in NYC or discuss by phone, to get started, and regularly, and can work from home.','Shantipath, Chanakyapuri',NULL,'New Delhi','Delhi','IND','110021','N','A','2016-04-21 07:05:11','2016-08-24 11:23:10',NULL);
INSERT INTO `project` (`id`,`organization_id`,`name`,`description`,`address1`,`address2`,`city`,`state`,`country`,`zip`,`remote_flag`,`status`,`created_time`,`updated_time`,`image_url`) VALUES (12,8,'Social Media Coordinator','\"Responsibilities\n\n? Build and manage ASI’s social media profiles and presence, including Facebook, Twitter,\n\nInstagram, LinkedIn, and additional channels that may be deemed relevant.\n\n? Create shareable content appropriate for specific networks to spread both our brand\n\nand our content.\n\n? Monitor and engage in relevant social discussions about our company, competitors,\n\nand/or industry, both from existing leads and customers as well as from brand new\n\naudiences.\n\n? Run regular social promotions and campaigns and track their success (e.g., Twitter chats,\n\nLinkedIn discussions, ...\"','42 Elgin Rd',NULL,'Dublin 4',NULL,'IRL','D04 TP03','N','A','2016-03-05 08:48:52','2016-12-30 00:23:55',NULL);
INSERT INTO `project` (`id`,`organization_id`,`name`,`description`,`address1`,`address2`,`city`,`state`,`country`,`zip`,`remote_flag`,`status`,`created_time`,`updated_time`,`image_url`) VALUES (13,9,'Content Writer','\"Writing for ASI blog and newsletter on a wide range of topics relevant to ASIs target\n\nmarkets.\n\n? Growing blog & newsletter subscribers, engaging with blog & newsletter visitors,\n\nconverting visitors into leads, and expanding ASI’s blogs overall reach.\n\n? Optimizing content for search engines and lead generation.\n\n? Conducting analytical analysis to improve blog strategies/tactics.\n\nRequirements\n\n? Exceptional writing and editing skills, as well as the ability to adopt the style, tone, and\n\nvoice of ASIs various types of content.\"',NULL,NULL,NULL,NULL,NULL,NULL,'Y','A','2016-01-15 03:42:49','2016-08-17 11:49:01',NULL);
INSERT INTO `project` (`id`,`organization_id`,`name`,`description`,`address1`,`address2`,`city`,`state`,`country`,`zip`,`remote_flag`,`status`,`created_time`,`updated_time`,`image_url`) VALUES (14,21,'Project Happiness',NULL,NULL,NULL,NULL,NULL,NULL,NULL,'Y','A','2016-03-12 18:56:28','2016-10-07 21:12:27','https://cdn.pixabay.com/photo/2016/03/26/13/08/pixabay-1280528__340.jpg');
INSERT INTO `project` (`id`,`organization_id`,`name`,`description`,`address1`,`address2`,`city`,`state`,`country`,`zip`,`remote_flag`,`status`,`created_time`,`updated_time`,`image_url`) VALUES (15,9,'Be the mentor you always wish youd had!','At Denver Urban Scholars, we believe in a life of choice and opportunity for every student. E-mail: margoa@denverurbanscholars.org. Phone: 303-946-7863',NULL,NULL,NULL,NULL,NULL,NULL,'Y','A','2016-02-18 04:16:04','2016-11-12 23:30:34','https://cdn.pixabay.com/photo/2015/08/19/05/16/large-895564__340.jpg');
INSERT INTO `project` (`id`,`organization_id`,`name`,`description`,`address1`,`address2`,`city`,`state`,`country`,`zip`,`remote_flag`,`status`,`created_time`,`updated_time`,`image_url`) VALUES (16,2,'Newsletter writer/Editor',NULL,NULL,NULL,NULL,NULL,NULL,NULL,'Y','A','2016-03-07 15:17:31','2016-08-02 16:39:49','https://cdn.pixabay.com/photo/2013/07/20/02/12/ebook-165485__340.jpg');
INSERT INTO `project` (`id`,`organization_id`,`name`,`description`,`address1`,`address2`,`city`,`state`,`country`,`zip`,`remote_flag`,`status`,`created_time`,`updated_time`,`image_url`) VALUES (17,4,'Volunteers Needed',NULL,NULL,NULL,NULL,NULL,NULL,NULL,'Y','A','2016-03-14 20:30:12','2016-07-03 16:48:36','https://cdn.pixabay.com/photo/2013/03/15/07/48/monitor-93962__340.jpg');
INSERT INTO `project` (`id`,`organization_id`,`name`,`description`,`address1`,`address2`,`city`,`state`,`country`,`zip`,`remote_flag`,`status`,`created_time`,`updated_time`,`image_url`) VALUES (18,20,'Advance Social Innovation Accounting Volunteer','We need accounting volunteers to help us lead a pod of volunteer accountents..',NULL,NULL,NULL,NULL,NULL,NULL,'Y','A','2016-05-02 14:21:50','2016-09-13 00:40:15','https://image.shutterstock.com/display_pic_with_logo/1787150/579290236/stock-photo-database-table-with.jpg');
INSERT INTO `project` (`id`,`organization_id`,`name`,`description`,`address1`,`address2`,`city`,`state`,`country`,`zip`,`remote_flag`,`status`,`created_time`,`updated_time`,`image_url`) VALUES (19,7,'Scientific Literature Web Research Intern','\"International Cancer Advocacy Network (\"\"ICAN\"\") is a tax-exempt charitable organization based in Phoenix, AZ. We are dedicated to helping late-stage cancer patients with cutting-edge advocacy, direct patient navigation, and information services and empowerment tools. Join hundreds of Virtual Volunteers from around the world who are researchers for our five-star rated unique cancer organization.\n\nYou can find more about us at askican.org and read our five-star reviews at VolunteerMatch.org and greatnonprofits.org.\"','\"Sikorskoho St, 4\n\"',NULL,'Kyiv',NULL,'UKR','2000','N','A','2016-04-02 18:03:06','2016-07-05 17:57:03','https://cdn.pixabay.com/photo/2012/04/12/11/07/firewall-29503__340.png');
INSERT INTO `project` (`id`,`organization_id`,`name`,`description`,`address1`,`address2`,`city`,`state`,`country`,`zip`,`remote_flag`,`status`,`created_time`,`updated_time`,`image_url`) VALUES (20,8,'Cat House',NULL,NULL,NULL,NULL,NULL,NULL,NULL,'Y','C','2016-01-30 14:37:00','2016-08-27 17:40:16','https://cdn.pixabay.com/photo/2016/03/04/12/20/server-1235959__340.jpg');
INSERT INTO `project` (`id`,`organization_id`,`name`,`description`,`address1`,`address2`,`city`,`state`,`country`,`zip`,`remote_flag`,`status`,`created_time`,`updated_time`,`image_url`) VALUES (21,4,'Graphic Design for Tucsons MakerSpace','\"Xerocraft is seeking a Graphic Artist to assist with (and potentially lead) the creation of various print/online materials and artifacts such as: cover images for Facebook, Our non-profit MakerSpace features computers for design work and programming, laser cutters, 3d printers, kilns, sewing machines, arts & crafts supplies and workspace, cnc routers, welding equipment, well-equipped wood and metal shops, and more. We offer various courses ranging from woodworking to electronics.\"',NULL,NULL,NULL,NULL,NULL,NULL,'Y','A','2016-04-10 21:58:07','2016-10-19 13:22:52','https://cdn.pixabay.com/photo/2017/01/25/11/36/books-2007660__340.jpg');
INSERT INTO `project` (`id`,`organization_id`,`name`,`description`,`address1`,`address2`,`city`,`state`,`country`,`zip`,`remote_flag`,`status`,`created_time`,`updated_time`,`image_url`) VALUES (22,23,'Social Media/Marketing','\"About\nDeliverance Charities was organized exclusively for charitable purposes, specifically, created the Rebuild Program to provide the development resources to low income families such as paid education, life skill courses and job placement resources.\n\n\nResponsibilities\n- Contribute to website project in various ways\n- Monitor and post on blogs, forums, and social networks\n- Online outreach and promotion using platforms such as Facebook, MySpace, LinkedIn, Twitter, Instagram, YouTube, Google+, Ryze, Pinterest, Tumblr, Snapchat, Reddit, and Flickr.\"',NULL,NULL,NULL,NULL,NULL,NULL,'Y','C','2016-03-21 16:45:40','2016-08-18 03:47:42','https://cdn.pixabay.com/photo/2014/04/03/11/51/compute-312367__340.png');
INSERT INTO `project` (`id`,`organization_id`,`name`,`description`,`address1`,`address2`,`city`,`state`,`country`,`zip`,`remote_flag`,`status`,`created_time`,`updated_time`,`image_url`) VALUES (23,6,'Advance Social Innovation Accounting Leadership Volunteering','Dear Skilled Accounting Volunteers, Advance Social Innovation ( www.AdvanceSocialInnovation.org) has an initiative called CrowdDoing . We are creating virtual volunteer opportunities of people who want to volunteer for 100 hours over the next 6 months who plan to make a 2 hour period available one day a week for most weeks to help social enterprises. This is intended to be service learning for professional skilled accountants, bookeepers, comptrollers, and people with financial planning expertise. This will help social enterprises find a way to their next level through expertise. Expertise is provided by volunteers as an interdisciplinary public service problem solving and creating impact in communities as a consequence. But we need people with a vast variety of talents to seize micro leadership opportunities.',NULL,NULL,NULL,NULL,NULL,NULL,'Y','A','2016-05-19 23:03:45','2016-12-14 04:35:44','https://cdn.pixabay.com/photo/2012/04/16/12/26/computer-35772__340.png');
INSERT INTO `project` (`id`,`organization_id`,`name`,`description`,`address1`,`address2`,`city`,`state`,`country`,`zip`,`remote_flag`,`status`,`created_time`,`updated_time`,`image_url`) VALUES (24,10,'Virtual Volunteer Admin Assistant','\"We are looking for virtual volunteers to help with administrative tasks who can help the organization with his/her administrative skills. We are looking for highly motivated volunteers who are willing to contribute and make a difference.\n\n5-10 hours a week volunteering helping us coordinate ASI and its projects\nmin of 1 year experienced in virtual admin role\nteam player\ncomfortable to work virtually\nexperienced working with internet, Microsoft applications, google docs\nBachelor degree\nExcellent communication skills\"',NULL,NULL,NULL,NULL,NULL,NULL,'Y','A','2016-05-25 18:12:21','2016-07-30 07:31:36','https://cdn.pixabay.com/photo/2015/04/01/19/50/pixabay-702908__340.jpg');
INSERT INTO `project` (`id`,`organization_id`,`name`,`description`,`address1`,`address2`,`city`,`state`,`country`,`zip`,`remote_flag`,`status`,`created_time`,`updated_time`,`image_url`) VALUES (25,23,'Technical architecture lead volunteer','We need to organize the group of technical volunteers through a technical architect, a technical project planner, a technical product manager, and other skilled technical volunteers such as software developors for front and back end. We have multiple areas of our digital work that need to be taken up to the next level. We currently have forms but have not established email automations. We plug into some systems and not others as www.advancesocialinnovation.org shows. But we have established a baseline, We need to build tools that reflect processes we want our volunteers and social enterprises to go through.',NULL,NULL,NULL,NULL,NULL,NULL,'Y','A','2016-03-06 02:02:46','2016-11-04 14:15:07','https://cdn.pixabay.com/photo/2015/10/21/14/15/database-999740__340.jpg');

INSERT INTO `organization` (`id`,`name`,`website_url`,`description`,`address1`,`address2`,`city`,`state`,`country`,`zip`,`contact_name`,`contact_phone`,`contact_email`,`category`,`status`,`created_time`,`updated_time`,`project_updated_time`,`logo_url`) VALUES (1,'Human Rights Watch (HRW)','www.HumanRightsWatch.org','These charities help people fight for their rights, either through legal advocacy or by providing education, awareness, and funding for human rights initiatives.','123 6th St.','apt 306','Melbourne','FL ','USA','32904','Sidney Munoz','243-51-4352','Tonyar@gmail.com','N','A','2016-01-17 13:17:51','2016-08-01 23:28:06','2016-11-07 11:43:08','https://www.deluxe.com/sites/www.deluxe.com/files/logo_design/logo/mystic-mountain-300x300.png');
INSERT INTO `organization` (`id`,`name`,`website_url`,`description`,`address1`,`address2`,`city`,`state`,`country`,`zip`,`contact_name`,`contact_phone`,`contact_email`,`category`,`status`,`created_time`,`updated_time`,`project_updated_time`,`logo_url`) VALUES (2,'Museum of Modern Art','www.MuseumofModernArt.org','These charities help people fight for their rights, either through legal advocacy or by providing education, awareness, and funding for human rights initiatives.','71 Pilgrim Avenue',NULL,'Chevy Chase','MD','USA','20815','Matherw Lewis',NULL,'Mlewis@gmail.com','N','A','2016-01-22 11:46:24','2016-10-10 12:27:01','2016-08-02 03:40:02','https://www.deluxe.com/sites/www.deluxe.com/files/logo_design/logo/colorpro.png');
INSERT INTO `organization` (`id`,`name`,`website_url`,`description`,`address1`,`address2`,`city`,`state`,`country`,`zip`,`contact_name`,`contact_phone`,`contact_email`,`category`,`status`,`created_time`,`updated_time`,`project_updated_time`,`logo_url`) VALUES (3,'Human Rights Campaign','www.HumanRightsCampaign.org','These charities help people fight for their rights, either through legal advocacy or by providing education, awareness, and funding for human rights initiatives.','70 Bowman St.',NULL,'South Windsor','CT','USA','6074','Houston Gay','(125) 546-4478',NULL,'N','A','2016-04-19 17:46:29','2016-10-31 07:42:19','2016-07-22 07:50:31','https://www.deluxe.com/sites/www.deluxe.com/files/logo_design/logo/femme-foto-300x300.png');
INSERT INTO `organization` (`id`,`name`,`website_url`,`description`,`address1`,`address2`,`city`,`state`,`country`,`zip`,`contact_name`,`contact_phone`,`contact_email`,`category`,`status`,`created_time`,`updated_time`,`project_updated_time`,`logo_url`) VALUES (4,'Do Something','www.DoSomething.org','These charities help people fight for their rights, either through legal advocacy or by providing education, awareness, and funding for human rights initiatives.',NULL,NULL,NULL,NULL,NULL,NULL,'Stormy Leblanc','(949) 569-4371','StomLeb@gmail.com','N','D','2016-01-20 23:40:23','2016-07-14 00:31:55','2016-11-05 12:10:57','https://www.deluxe.com/sites/www.deluxe.com/files/logo_design/logo/whatcom.png');
INSERT INTO `organization` (`id`,`name`,`website_url`,`description`,`address1`,`address2`,`city`,`state`,`country`,`zip`,`contact_name`,`contact_phone`,`contact_email`,`category`,`status`,`created_time`,`updated_time`,`project_updated_time`,`logo_url`) VALUES (5,'ACLU','www.ACLU.org','Animal rights organizations seek to protect animals and their habitats through advocacy, as well as, action-based and educational initiatives.','44 Shirley Ave.',NULL,'West Chicago','IL','USA','60185','Manasa Sheshadri',NULL,'Mshesh@gmail.com','N','A','2016-02-21 11:56:32','2016-09-18 04:48:15','2016-08-23 13:16:26','https://www.deluxe.com/sites/www.deluxe.com/files/logo_design/logo/goldies-heaven.png');
INSERT INTO `organization` (`id`,`name`,`website_url`,`description`,`address1`,`address2`,`city`,`state`,`country`,`zip`,`contact_name`,`contact_phone`,`contact_email`,`category`,`status`,`created_time`,`updated_time`,`project_updated_time`,`logo_url`) VALUES (6,'Doctors Without Borders','www.DoctorsWithoutBorders.org','Doctors are are present where no one else is','514 S. Magnolia St.',NULL,'Orlando','FL','USA','32806','Jenny Atkins','(226) 906-2721','JATK123@gmail.com','N','A','2016-05-21 10:11:26','2016-09-17 13:55:32','2016-11-22 20:08:36','https://www.deluxe.com/sites/www.deluxe.com/files/logo_design/logo/in-site.png');
INSERT INTO `organization` (`id`,`name`,`website_url`,`description`,`address1`,`address2`,`city`,`state`,`country`,`zip`,`contact_name`,`contact_phone`,`contact_email`,`category`,`status`,`created_time`,`updated_time`,`project_updated_time`,`logo_url`) VALUES (7,'Kiva','www.Kiva.org','We help to provide technology help for non profits','Level 10, MLC Centre','19-29 Martin Place','Sydney','NSW','AUS','2000',NULL,'(671) 925-1352','Lakku56@gmail.com','N','A','2016-05-13 20:23:01','2016-08-27 22:12:39','2016-09-29 08:23:10','https://www.deluxe.com/sites/www.deluxe.com/files/logo_design/logo/super-frugalette-300x300.png');
INSERT INTO `organization` (`id`,`name`,`website_url`,`description`,`address1`,`address2`,`city`,`state`,`country`,`zip`,`contact_name`,`contact_phone`,`contact_email`,`category`,`status`,`created_time`,`updated_time`,`project_updated_time`,`logo_url`) VALUES (8,'Rotary Foundation of Rotary International','www.RotaryFoundationofRotaryInternational.org','We organize events to raise fund for a variety of causes','Quadra 801 Lote 03 - Asa Sul',NULL,'Brasília - DF',NULL,'BRA','70403-900','Owen Lara','710-669-7576','Lara908712@gmail.com','N','A','2016-05-24 11:07:43','2016-10-02 02:41:07','2016-12-13 17:22:35','https://www.deluxe.com/sites/www.deluxe.com/files/logo_design/logo/logo-samples-27-300x300.png');
INSERT INTO `organization` (`id`,`name`,`website_url`,`description`,`address1`,`address2`,`city`,`state`,`country`,`zip`,`contact_name`,`contact_phone`,`contact_email`,`category`,`status`,`created_time`,`updated_time`,`project_updated_time`,`logo_url`) VALUES (9,'Sierra Club','www.SierraClub.org','We organize events to raise fund for a variety of causes','490 Sussex Drive  ',NULL,'Ottawa','Ontario','CAN','K1N 1G8 ','Claude Mendez','718-407-1963','C123456@gmail.com','N','A','2016-02-03 13:54:11','2016-10-08 16:26:18','2016-10-30 02:46:08','https://www.deluxe.com/sites/www.deluxe.com/files/logo_design/logo/logo-samples-2-300x300.png');
INSERT INTO `organization` (`id`,`name`,`website_url`,`description`,`address1`,`address2`,`city`,`state`,`country`,`zip`,`contact_name`,`contact_phone`,`contact_email`,`category`,`status`,`created_time`,`updated_time`,`project_updated_time`,`logo_url`) VALUES (10,'National Public Radio - NPR','www.NationalPublicRadio-NPR.org','These charities help people fight for their rights, either through legal advocacy or by providing education, awareness, and funding for human rights initiatives.',NULL,NULL,NULL,NULL,NULL,NULL,'Tianfan Wang','690-660-1883','Tian78876@gmail.com','N','A','2016-03-20 19:35:06','2016-11-08 03:30:41','2016-09-30 21:00:14','https://www.deluxe.com/logo-design/logo-samples#');
INSERT INTO `organization` (`id`,`name`,`website_url`,`description`,`address1`,`address2`,`city`,`state`,`country`,`zip`,`contact_name`,`contact_phone`,`contact_email`,`category`,`status`,`created_time`,`updated_time`,`project_updated_time`,`logo_url`) VALUES (11,'Feeding America','www.FeedingAmerica.com','These charities help people with the basic food needs','Shantipath, Chanakyapuri',NULL,'New Delhi','Delhi','IND','110021','Kwaku Nariza','184-805-0667','Kwakunariza12345678@gmail.com','N','A','2016-06-13 14:34:35','2016-12-29 22:47:27','2016-11-01 07:25:08',NULL);
INSERT INTO `organization` (`id`,`name`,`website_url`,`description`,`address1`,`address2`,`city`,`state`,`country`,`zip`,`contact_name`,`contact_phone`,`contact_email`,`category`,`status`,`created_time`,`updated_time`,`project_updated_time`,`logo_url`) VALUES (12,'Samaritan Purse','www.Samaritan Purse.com','We collect donations to help the Samaritans','42 Elgin Rd',NULL,'Dublin 4',NULL,'IRL','D04 TP03','Pooja Kalita','101-633-1625','Pkali123@gmail.com','N','A','2016-06-21 07:49:03','2016-11-07 15:44:12','2016-08-04 20:33:33','https://www.deluxe.com/sites/www.deluxe.com/files/logo_design/logo/logo-samples-28-300x300.png');
INSERT INTO `organization` (`id`,`name`,`website_url`,`description`,`address1`,`address2`,`city`,`state`,`country`,`zip`,`contact_name`,`contact_phone`,`contact_email`,`category`,`status`,`created_time`,`updated_time`,`project_updated_time`,`logo_url`) VALUES (13,'American Red Cross','www.AmericanRedCross.com','We are an organization without orders and provide aids for people in war torn countries',NULL,NULL,NULL,NULL,NULL,NULL,'Madhu Venkatesh','449-120-1018','testuser123@gmail.com','N','A','2016-01-24 16:36:51','2016-10-14 17:46:47','2016-07-13 12:21:28','https://www.deluxe.com/sites/www.deluxe.com/files/logo_design/logo/logo-samples-34-300x300.png');
INSERT INTO `organization` (`id`,`name`,`website_url`,`description`,`address1`,`address2`,`city`,`state`,`country`,`zip`,`contact_name`,`contact_phone`,`contact_email`,`category`,`status`,`created_time`,`updated_time`,`project_updated_time`,`logo_url`) VALUES (14,'World Wildlife Fund','www.WorldWildlifeFund.com','Animal rights organizations seek to protect animals and their habitats through advocacy, as well as, action-based and educational initiatives.','Paseo de la Reforma 305',NULL,'Cuauhtémoc','06500 Ciudad de ','MEX','CDMX','Fan Wang','384-304-6350','Fwang56@gmail.com','O','A','2016-03-27 04:05:23','2016-09-17 01:31:45','2016-08-25 14:12:56',NULL);
INSERT INTO `organization` (`id`,`name`,`website_url`,`description`,`address1`,`address2`,`city`,`state`,`country`,`zip`,`contact_name`,`contact_phone`,`contact_email`,`category`,`status`,`created_time`,`updated_time`,`project_updated_time`,`logo_url`) VALUES (15,'Monterey Bay Aquarium','www.MontereyBayAquarium.com','Animal rights organizations seek to protect animals and their habitats through advocacy, as well as, action-based and educational initiatives.','Aleje Ujazdowskie 29/31',NULL,'Warsaw ',NULL,'POL','00-540','Kwaku Nariza',NULL,NULL,'N','A','2016-05-19 05:43:46','2016-09-20 12:11:00','2016-09-20 16:59:54','https://www.deluxe.com/sites/www.deluxe.com/files/logo_design/logo/babytropolis-300x300.png');
INSERT INTO `organization` (`id`,`name`,`website_url`,`description`,`address1`,`address2`,`city`,`state`,`country`,`zip`,`contact_name`,`contact_phone`,`contact_email`,`category`,`status`,`created_time`,`updated_time`,`project_updated_time`,`logo_url`) VALUES (16,'American Society for the Prevention of Cruelty to Animals (ASPCA)','www.AmericanSocietyforthePreventionofCrueltytoAnimals.com','Animal rights organizations seek to protect animals and their habitats through advocacy, as well as, action-based and educational initiatives.','2 Avenue Gabriel',NULL,'75008 Paris',NULL,'FRA',NULL,'Ksenia Afanasyeva','219-614-0104','KsenAfa67889@gmail.com','N','A','2016-01-10 14:15:20','2016-07-04 08:31:50','2016-12-17 17:32:57','https://www.deluxe.com/sites/www.deluxe.com/files/logo_design/logo/nj-force.png');
INSERT INTO `organization` (`id`,`name`,`website_url`,`description`,`address1`,`address2`,`city`,`state`,`country`,`zip`,`contact_name`,`contact_phone`,`contact_email`,`category`,`status`,`created_time`,`updated_time`,`project_updated_time`,`logo_url`) VALUES (17,'Green Peace','www.GreenPeace.com','Animal rights organizations seek to protect animals and their habitats through advocacy, as well as, action-based and educational initiatives.',NULL,NULL,'Kigali',NULL,'RWA',NULL,'Anna Chepeleva','153-263-0972','AnTest9000@gmail.com','N','A','2016-02-26 16:51:32','2016-07-22 21:52:49','2016-11-17 18:41:58','https://www.deluxe.com/sites/www.deluxe.com/files/logo_design/logo/vista-technologies-300x300.png');
INSERT INTO `organization` (`id`,`name`,`website_url`,`description`,`address1`,`address2`,`city`,`state`,`country`,`zip`,`contact_name`,`contact_phone`,`contact_email`,`category`,`status`,`created_time`,`updated_time`,`project_updated_time`,`logo_url`) VALUES (18,'Environmental Defense','www.EnvironmentalDefense.com','We ensure to protect our environment from global warming','877 Pretorius St ',NULL,'Arcadia','Pretoria','ZAF','7','Svetlana Khorkina','+8698712345','alinawatsonUDB@gmail.com','N','A','2016-03-11 23:48:00','2016-10-05 01:55:39','2016-08-29 10:36:08',NULL);
INSERT INTO `organization` (`id`,`name`,`website_url`,`description`,`address1`,`address2`,`city`,`state`,`country`,`zip`,`contact_name`,`contact_phone`,`contact_email`,`category`,`status`,`created_time`,`updated_time`,`project_updated_time`,`logo_url`) VALUES (19,'Billy Graham Evangelistic Association','www.BillyGrahamEvangelisticAssociation.com',NULL,'Sikorskoho St, 4',NULL,'Kyiv',NULL,'UKR','2000','Sidney Munoz','5141948148','SidneyMunoz24@gmail.com','N','A','2016-01-14 03:49:57','2016-10-03 18:00:03','2016-07-17 09:37:37','https://www.deluxe.com/sites/www.deluxe.com/files/logo_design/logo/picks-300x300.png');
INSERT INTO `organization` (`id`,`name`,`website_url`,`description`,`address1`,`address2`,`city`,`state`,`country`,`zip`,`contact_name`,`contact_phone`,`contact_email`,`category`,`status`,`created_time`,`updated_time`,`project_updated_time`,`logo_url`) VALUES (20,'Teach for America','www.TeachforAmerica.com','We teach the underpreviliged kids anf help them gain quality education','55 Anjialou Rd, SanYuan Qiao','Chaoyang Qu','Beijing Shi',NULL,'CHN','100016','Shantel Walsh','8877341939','Shhhantelsh786@gmail.com','N','D','2016-04-25 17:00:51','2016-12-07 08:31:08','2016-10-03 11:06:39','https://www.deluxe.com/sites/www.deluxe.com/files/logo_design/logo/honey-bee-300x300.png');
INSERT INTO `organization` (`id`,`name`,`website_url`,`description`,`address1`,`address2`,`city`,`state`,`country`,`zip`,`contact_name`,`contact_phone`,`contact_email`,`category`,`status`,`created_time`,`updated_time`,`project_updated_time`,`logo_url`) VALUES (21,'World Food Program USA','www.WorldFoodProgramUSA.com','We teach the underpreviliged kids anf help them gain quality education',NULL,NULL,NULL,NULL,NULL,NULL,'Merin Mandanna','2736469876',NULL,'N','A','2016-05-09 12:10:32','2016-12-25 19:46:01','2016-08-20 10:11:45','https://www.deluxe.com/sites/www.deluxe.com/files/logo_design/logo/logo-samples-31.png');
INSERT INTO `organization` (`id`,`name`,`website_url`,`description`,`address1`,`address2`,`city`,`state`,`country`,`zip`,`contact_name`,`contact_phone`,`contact_email`,`category`,`status`,`created_time`,`updated_time`,`project_updated_time`,`logo_url`) VALUES (22,'Smithsonian Institute','www.SmithsonianInstitute.com','We teach the underpreviliged kids anf help them gain quality education',NULL,NULL,NULL,NULL,NULL,NULL,'Atanu Das','5784346924','ADdy030389@gmail.com','N','A','2016-03-03 17:42:41','2016-07-18 22:24:37','2016-09-29 20:10:01','https://www.graphicsprings.com/filestorage/images/284/logomakersamples46.png?width=150&height=70&quality=80&crop=0&method=crop');
INSERT INTO `organization` (`id`,`name`,`website_url`,`description`,`address1`,`address2`,`city`,`state`,`country`,`zip`,`contact_name`,`contact_phone`,`contact_email`,`category`,`status`,`created_time`,`updated_time`,`project_updated_time`,`logo_url`) VALUES (23,'St. Jude Children Research Hospital','www.St.com','We help  the underpreviliged kids anf help them gain quality healthcare','Bolshoy Devyatinskiy per., 8',NULL,'Moskva',NULL,'RUS','121099','Bombayla Devi',NULL,'BDevi65@gmail.com','O','A','2016-01-09 14:34:10','2016-07-26 03:24:13','2016-07-22 21:48:38','https://www.graphicsprings.com/filestorage/images/276/logomakersamples37.png?width=150&height=70&quality=80&crop=0&method=crop');
INSERT INTO `organization` (`id`,`name`,`website_url`,`description`,`address1`,`address2`,`city`,`state`,`country`,`zip`,`contact_name`,`contact_phone`,`contact_email`,`category`,`status`,`created_time`,`updated_time`,`project_updated_time`,`logo_url`) VALUES (24,'Operation Blessing International Relief','www.OperationBlessingInternationalRelief.com','We do research for Alzheimer cure',NULL,NULL,NULL,NULL,NULL,NULL,'Deepika Kumari','9341264692','DKBDLM00@gmail.com','N','A','2016-05-28 04:08:19','2016-07-21 21:58:25','2016-08-30 10:37:47','https://www.graphicsprings.com/filestorage/images/278/logomakersamples39.png?width=150&height=70&quality=80&crop=0&method=crop');
INSERT INTO `organization` (`id`,`name`,`website_url`,`description`,`address1`,`address2`,`city`,`state`,`country`,`zip`,`contact_name`,`contact_phone`,`contact_email`,`category`,`status`,`created_time`,`updated_time`,`project_updated_time`,`logo_url`) VALUES (25,'Alzheimer Association','www.AlzheimerAssociation.com','Help provide relief to international natural disasters','1-10-5 Akasaka','Minato-ku','Tokyo',NULL,'JPN','107-8420','Madison Long','8126999145','Maddy55@gmail.com','N','A','2016-04-09 06:30:35','2016-07-08 07:17:05','2016-10-13 06:40:39','https://www.graphicsprings.com/filestorage/images/296/logomakersamples56.png?width=150&height=70&quality=80&crop=0&method=crop');

INSERT INTO `user` (`id`,`username`,`first_name`,`last_name`,`email`,`phone`,`city`,`state`,`country`,`zip`,`introduction`,`linkedin_url`,`personal_url`,`role`,`public_profile_flag`,`chat_flag`,`forum_flag`,`developer_flag`,`status`,`created_time`,`updated_time`,`title`,`github_url`,`developer_commit`,`avatar_url`,`resume_url`,`latitude`,`longitude`) VALUES (1,'testuser2','Andy','Smith','testvolunteeruser1@gmail.com',NULL,NULL,'CA','USA','10001','Hello, this is Andy Smith',NULL,NULL,'V','Y','Y','Y','Y','A','2017-01-01 00:00:00','2017-04-19 13:11:15',NULL,NULL,NULL,'http://avachara.com/avatar/gallery/chara170417184259_7833.jpg','http://www.bellevue.edu/student-support/career-services/pdfs/resume-samples.pdf',35.929673,-78.948237);
INSERT INTO `user` (`id`,`username`,`first_name`,`last_name`,`email`,`phone`,`city`,`state`,`country`,`zip`,`introduction`,`linkedin_url`,`personal_url`,`role`,`public_profile_flag`,`chat_flag`,`forum_flag`,`developer_flag`,`status`,`created_time`,`updated_time`,`title`,`github_url`,`developer_commit`,`avatar_url`,`resume_url`,`latitude`,`longitude`) VALUES (2,'testuser3','Bob','Brown','testnonprofituser1@gmail.com',NULL,NULL,'CA','USA','10001','Hello, this is Bob Brown',NULL,NULL,'O','Y','Y','Y','Y','A','2017-01-01 00:00:00','2017-04-19 13:11:15',NULL,NULL,NULL,'http://avachara.com/avatar/gallery/chara170417184259_7833.jpg','http://www.bellevue.edu/student-support/career-services/pdfs/resume-samples.pdf',35.929673,-78.948237);
INSERT INTO `user` (`id`,`username`,`first_name`,`last_name`,`email`,`phone`,`city`,`state`,`country`,`zip`,`introduction`,`linkedin_url`,`personal_url`,`role`,`public_profile_flag`,`chat_flag`,`forum_flag`,`developer_flag`,`status`,`created_time`,`updated_time`,`title`,`github_url`,`developer_commit`,`avatar_url`,`resume_url`,`latitude`,`longitude`) VALUES (3,'testuser4','Janie','Doe','testc4sg@gmail.com',NULL,NULL,'CA','USA','10001','Hello, this is Janie Doe',NULL,NULL,'A','Y','Y','Y','Y','A','2017-01-01 00:00:00','2017-04-19 13:11:15',NULL,NULL,NULL,'http://avachara.com/avatar/gallery/chara170417184259_7833.jpg','http://www.bellevue.edu/student-support/career-services/pdfs/resume-samples.pdf',35.929673,-78.948237);
INSERT INTO `user` (`id`,`username`,`first_name`,`last_name`,`email`,`phone`,`city`,`state`,`country`,`zip`,`introduction`,`linkedin_url`,`personal_url`,`role`,`public_profile_flag`,`chat_flag`,`forum_flag`,`developer_flag`,`status`,`created_time`,`updated_time`,`title`,`github_url`,`developer_commit`,`avatar_url`,`resume_url`,`latitude`,`longitude`) VALUES (4,'testuser5','John','Doe','testvolunteeruser2@gmail.com',NULL,NULL,'CA','USA','10001','Hello, this is John Doe',NULL,NULL,'V','Y','Y','Y','Y','A','2017-01-01 00:00:00','2017-04-19 13:11:15',NULL,NULL,NULL,'http://avachara.com/avatar/gallery/chara170417184259_7833.jpg','http://www.bellevue.edu/student-support/career-services/pdfs/resume-samples.pdf',35.929673,-78.948237);
INSERT INTO `user` (`id`,`username`,`first_name`,`last_name`,`email`,`phone`,`city`,`state`,`country`,`zip`,`introduction`,`linkedin_url`,`personal_url`,`role`,`public_profile_flag`,`chat_flag`,`forum_flag`,`developer_flag`,`status`,`created_time`,`updated_time`,`title`,`github_url`,`developer_commit`,`avatar_url`,`resume_url`,`latitude`,`longitude`) VALUES (5,'testuser6','Jane','Doe','testnonprofituser2@gmail.com',NULL,NULL,'CA','USA','10001','Hello, this is Jane Doe',NULL,NULL,'O','Y','Y','Y','Y','A','2017-01-01 00:00:00','2017-04-19 13:11:15',NULL,NULL,NULL,'http://avachara.com/avatar/gallery/chara170417184259_7833.jpg','http://www.bellevue.edu/student-support/career-services/pdfs/resume-samples.pdf',35.929673,-78.948237);
INSERT INTO `user` (`id`,`username`,`first_name`,`last_name`,`email`,`phone`,`city`,`state`,`country`,`zip`,`introduction`,`linkedin_url`,`personal_url`,`role`,`public_profile_flag`,`chat_flag`,`forum_flag`,`developer_flag`,`status`,`created_time`,`updated_time`,`title`,`github_url`,`developer_commit`,`avatar_url`,`resume_url`,`latitude`,`longitude`) VALUES (6,'testuser7','Johnny','Doe','mydummytest1@gmail.com',NULL,NULL,'CA','USA','10001','Hello, this is Johnny Doe',NULL,NULL,'A','Y','Y','Y','Y','A','2017-01-01 00:00:00','2017-04-19 13:11:15',NULL,NULL,NULL,'http://avachara.com/avatar/gallery/chara170417184259_7833.jpg','http://www.bellevue.edu/student-support/career-services/pdfs/resume-samples.pdf',35.929673,-78.948237);
INSERT INTO `user` (`id`,`username`,`first_name`,`last_name`,`email`,`phone`,`city`,`state`,`country`,`zip`,`introduction`,`linkedin_url`,`personal_url`,`role`,`public_profile_flag`,`chat_flag`,`forum_flag`,`developer_flag`,`status`,`created_time`,`updated_time`,`title`,`github_url`,`developer_commit`,`avatar_url`,`resume_url`,`latitude`,`longitude`) VALUES (7,'Tonyar','Sidney','Munoz','Tonyar@gmail.com','243-51-4352','Melbourne','FL ',NULL,'32904','I have 6 months of experience of coding in Java at a company called Alfa. I am still learning, but I really enjoy coding, and want to contribute to a good cause while doing so. I’m a fast learner and keen to get stuck in!','https://www.linkedin.com/in/Tonyar','https://www.wordpress.com/Tonyar/Munoz','V','Y','Y','Y','N','A','2016-04-07 01:33:15','2016-10-26 21:27:02','Business analyst','Sidney',NULL,'https://cdn2.iconfinder.com/data/icons/avatar-and-user-1/46/avatar03-128.png','http://studentaffairs.psu.edu/career/pdf/CG/CG_resume.pdf',28.062546,-80.555863);
INSERT INTO `user` (`id`,`username`,`first_name`,`last_name`,`email`,`phone`,`city`,`state`,`country`,`zip`,`introduction`,`linkedin_url`,`personal_url`,`role`,`public_profile_flag`,`chat_flag`,`forum_flag`,`developer_flag`,`status`,`created_time`,`updated_time`,`title`,`github_url`,`developer_commit`,`avatar_url`,`resume_url`,`latitude`,`longitude`) VALUES (8,'Mlewis',NULL,'Lewis','Mlewis@gmail.com',NULL,NULL,NULL,'USA','20815','I have 2 years industry experience in ERP building. I would love to be involved in some other projects','https://www.linkedin.com/in/Mlewis','https://www.wordpress.com/Mlewis/Lewis','V','Y','N','Y','N','A','2016-04-03 19:00:05','2016-10-23 17:09:48','Business analyst',NULL,NULL,'https://cdn4.iconfinder.com/data/icons/infy-basic-collection/53/user-128.png',NULL,38.929217,-77.071205);
INSERT INTO `user` (`id`,`username`,`first_name`,`last_name`,`email`,`phone`,`city`,`state`,`country`,`zip`,`introduction`,`linkedin_url`,`personal_url`,`role`,`public_profile_flag`,`chat_flag`,`forum_flag`,`developer_flag`,`status`,`created_time`,`updated_time`,`title`,`github_url`,`developer_commit`,`avatar_url`,`resume_url`,`latitude`,`longitude`) VALUES (9,NULL,'Houston','Gay','HouG@gmail.com','(125) 546-4478','South Windsor','CT','USA','6074','I find the processes of development fascinating and whilst I am relatively green, I am very interested in gaining experience by working on open source projects but also through projects that effect a change for the good around the world. ','https://www.linkedin.com/in/HouG','https://www.wordpress.com/HouG/Gay','V','Y','Y','Y','N','A','2016-03-01 02:28:46','2016-11-28 01:54:35','Software developer','Houston',NULL,'https://cdn4.iconfinder.com/data/icons/superheroes/512/batman-128.png','https://career.berkeley.edu/sites/default/files/pdf/Guide/ResumesCoverLetters.pdf',41.898993,-72.633831);
INSERT INTO `user` (`id`,`username`,`first_name`,`last_name`,`email`,`phone`,`city`,`state`,`country`,`zip`,`introduction`,`linkedin_url`,`personal_url`,`role`,`public_profile_flag`,`chat_flag`,`forum_flag`,`developer_flag`,`status`,`created_time`,`updated_time`,`title`,`github_url`,`developer_commit`,`avatar_url`,`resume_url`,`latitude`,`longitude`) VALUES (10,'StomLeb','Stormy','Leblanc','StomLeb@gmail.com',NULL,NULL,NULL,NULL,NULL,NULL,NULL,NULL,'O','N','N','N','N','A','2016-06-15 15:05:56','2016-10-05 05:34:57',NULL,NULL,NULL,NULL,NULL,NULL,NULL);
INSERT INTO `user` (`id`,`username`,`first_name`,`last_name`,`email`,`phone`,`city`,`state`,`country`,`zip`,`introduction`,`linkedin_url`,`personal_url`,`role`,`public_profile_flag`,`chat_flag`,`forum_flag`,`developer_flag`,`status`,`created_time`,`updated_time`,`title`,`github_url`,`developer_commit`,`avatar_url`,`resume_url`,`latitude`,`longitude`) VALUES (11,'Mshesh','Manasa','Sheshadri','Mshesh@gmail.com','(630) 446-8851','West Chicago','IL','USA','60185','I consider myself a reasonably experienced novice software developer with a keen focus on the mathematical side of programming','https://www.linkedin.com/in/Mshesh','https://www.wordpress.com/Mshesh/Sheshadri','V','N','Y','Y','N','A','2016-05-25 18:40:35','2016-11-19 16:09:20','UI Designer','Manasa',NULL,'https://cdn4.iconfinder.com/data/icons/user-15/164/3-128.png',NULL,42.008315,-88.163807);
INSERT INTO `user` (`id`,`username`,`first_name`,`last_name`,`email`,`phone`,`city`,`state`,`country`,`zip`,`introduction`,`linkedin_url`,`personal_url`,`role`,`public_profile_flag`,`chat_flag`,`forum_flag`,`developer_flag`,`status`,`created_time`,`updated_time`,`title`,`github_url`,`developer_commit`,`avatar_url`,`resume_url`,`latitude`,`longitude`) VALUES (12,'JATK123','Jenny',NULL,'JATK123@gmail.com',NULL,NULL,'FL','USA','32806','I am a passionate developer with 5 years of commercial experience with consulting and delivering production software','https://www.linkedin.com/in/JATK123','https://www.wordpress.com/JATK123/Atkins','V','Y','Y','N','N','A','2016-02-02 01:42:56','2016-08-16 12:09:51','Android developer','Jenny',NULL,'https://cdn4.iconfinder.com/data/icons/bussines-people/288/avatar-woman-glasses-128.png','https://www.utdallas.edu/career/docs/students/resumepacket.pdf',28.536749,-81.377386);
INSERT INTO `user` (`id`,`username`,`first_name`,`last_name`,`email`,`phone`,`city`,`state`,`country`,`zip`,`introduction`,`linkedin_url`,`personal_url`,`role`,`public_profile_flag`,`chat_flag`,`forum_flag`,`developer_flag`,`status`,`created_time`,`updated_time`,`title`,`github_url`,`developer_commit`,`avatar_url`,`resume_url`,`latitude`,`longitude`) VALUES (13,'Lakku56','Lakshmi Zaanjana','KuttiSrikumar','Lakku56@gmail.com',NULL,'Sydney','NSW','AUS','2000','My main focus is on web and internet of things development; I work full stack, from front-end to back-end and infrastructure','https://www.linkedin.com/in/Lakku56','https://www.wordpress.com/Lakku56/KuttiSrikumar','V','Y','N','N','N','D','2016-01-27 17:22:48','2016-10-05 07:07:17','UI UX Designer','Lakshmi Zaanjana',NULL,'https://cdn2.iconfinder.com/data/icons/user-icon/215/User7-128.png',NULL,-33.867896,151.209609);
INSERT INTO `user` (`id`,`username`,`first_name`,`last_name`,`email`,`phone`,`city`,`state`,`country`,`zip`,`introduction`,`linkedin_url`,`personal_url`,`role`,`public_profile_flag`,`chat_flag`,`forum_flag`,`developer_flag`,`status`,`created_time`,`updated_time`,`title`,`github_url`,`developer_commit`,`avatar_url`,`resume_url`,`latitude`,`longitude`) VALUES (14,'Lara908712','Owen','Lara','Lara908712@gmail.com','710-669-7576','Brasília - DF',NULL,'BRA','70403-900','\"·        A logical and analytical thinker with more than 10 years of experience as Software Developer.\n\n·        In-depth knowledge of Java/J2EE technologies like Servlets, JSP, Spring, Hibernate, GRAILS, Google Charts, Highcharts, Mule ESB and GWT Expertise is database designing and creation.\n\n·        Excellent exposure to environments like Scrum/ Agile.\n\n·        An in-depth domain knowledge – Investment Banking, Human Resources\n\n·        A thorough professional with a proactive attitude, capable of thinking in & out of the box.\n\n·        Aware of all the phases of SDLC cycle, also worked upon each stage of it.\n\n·        Expertise in requirement analysis, designing, developing, implementing and executing a project\n\n·        Expertise in data analysis, problem solving and reasoning skills.\"',NULL,'https://www.wordpress.com/Lara908712/Lara','V','Y','N','N','N','A','2016-01-29 11:28:56','2016-12-05 02:24:15','UI UX Designer','Owen',NULL,'https://cdn2.iconfinder.com/data/icons/the-world-faces/512/Sports_Guy_Face_Avatar-128.png','https://ocs.fas.harvard.edu/files/ocs/files/undergrad_resumes_and_cover_letters.pdf',-15.804164,-47.873033);
INSERT INTO `user` (`id`,`username`,`first_name`,`last_name`,`email`,`phone`,`city`,`state`,`country`,`zip`,`introduction`,`linkedin_url`,`personal_url`,`role`,`public_profile_flag`,`chat_flag`,`forum_flag`,`developer_flag`,`status`,`created_time`,`updated_time`,`title`,`github_url`,`developer_commit`,`avatar_url`,`resume_url`,`latitude`,`longitude`) VALUES (15,'C123456','Claude','Mendez','C123456@gmail.com','718-407-1963',NULL,NULL,NULL,NULL,NULL,NULL,NULL,'A','N','N','N','N','A','2016-03-07 13:13:30','2016-11-26 19:03:27',NULL,NULL,NULL,NULL,NULL,NULL,NULL);
INSERT INTO `user` (`id`,`username`,`first_name`,`last_name`,`email`,`phone`,`city`,`state`,`country`,`zip`,`introduction`,`linkedin_url`,`personal_url`,`role`,`public_profile_flag`,`chat_flag`,`forum_flag`,`developer_flag`,`status`,`created_time`,`updated_time`,`title`,`github_url`,`developer_commit`,`avatar_url`,`resume_url`,`latitude`,`longitude`) VALUES (16,'Tian78876','Tianfan','Wang','Tian78876@gmail.com','690-660-1883',NULL,NULL,NULL,NULL,'\"I also have experience in linux (10 years approx.), I don’t have a certification\ni haven’t needed it yet, sorry to disappoint you (kidding, not sorry). I am \ncurrently maintaining loadbalancers configured with Haproxy and Nginx, web \nservers on Nginx, GlusterFS, Docker and mysql databases. And by necessity (the \ndev has to eat –hahaha–), I learned PHP (because everybody needs a php dev \n–sarcastic tone–).\"','https://www.linkedin.com/in/Tian78876','https://www.wordpress.com/Tian78876/Wang','V','Y','N','N','N','A','2016-02-02 19:23:49','2016-07-23 10:47:58','Business analyst','Tianfan',NULL,'https://cdn4.iconfinder.com/data/icons/superheroes/512/superman-128.png',NULL,NULL,NULL);
INSERT INTO `user` (`id`,`username`,`first_name`,`last_name`,`email`,`phone`,`city`,`state`,`country`,`zip`,`introduction`,`linkedin_url`,`personal_url`,`role`,`public_profile_flag`,`chat_flag`,`forum_flag`,`developer_flag`,`status`,`created_time`,`updated_time`,`title`,`github_url`,`developer_commit`,`avatar_url`,`resume_url`,`latitude`,`longitude`) VALUES (17,'Kwakunariza12345678','Kwaku','Nariza','Kwakunariza12345678@gmail.com',NULL,'New Delhi','Delhi','IND','110021','\"I like to configure things my self and automate when needed. With that i mean \nI use DigitalOcean (I cannot afford experimenting on AWS… “sorry” to\ndisappoint again).\nP.S: I use Emacs with the evil-mode, just because I like to live my life on the \nedge (hahahaha –this one is funny–)… really I do.\"','https://www.linkedin.com/in/Kwakunariza12345678','https://www.wordpress.com/Kwakunariza12345678/Nariza','V','Y','N','Y','N','A','2016-06-29 06:32:43','2016-10-20 05:32:53','Software developer','Kwaku',NULL,'https://cdn2.iconfinder.com/data/icons/cut-away/164/10-128.png','http://www.mass.edu/gearup/documents/WritingaResume.pdf',28.588363,77.185907);
INSERT INTO `user` (`id`,`username`,`first_name`,`last_name`,`email`,`phone`,`city`,`state`,`country`,`zip`,`introduction`,`linkedin_url`,`personal_url`,`role`,`public_profile_flag`,`chat_flag`,`forum_flag`,`developer_flag`,`status`,`created_time`,`updated_time`,`title`,`github_url`,`developer_commit`,`avatar_url`,`resume_url`,`latitude`,`longitude`) VALUES (18,'Pkali123','Pooja',NULL,'Pkali123@gmail.com',NULL,'Dublin 4',NULL,'IRL','D04 TP03',NULL,'https://www.linkedin.com/in/Pkali123','https://www.wordpress.com/Pkali123/Kalita','V','N','Y','N','N','A','2016-05-26 21:20:50','2016-11-04 14:57:30',NULL,'Pooja',NULL,'https://cdn3.iconfinder.com/data/icons/linerix-1-1/40/sad-01-128.png',NULL,53.330202,-6.233780);
INSERT INTO `user` (`id`,`username`,`first_name`,`last_name`,`email`,`phone`,`city`,`state`,`country`,`zip`,`introduction`,`linkedin_url`,`personal_url`,`role`,`public_profile_flag`,`chat_flag`,`forum_flag`,`developer_flag`,`status`,`created_time`,`updated_time`,`title`,`github_url`,`developer_commit`,`avatar_url`,`resume_url`,`latitude`,`longitude`) VALUES (19,'testuser123','Madhu','Venkatesh','testuser123@gmail.com','449-120-1018',NULL,NULL,NULL,NULL,'I am Gbekeloluwa ‘Simeon’ Oluwatosin Olufotebi, Nigerian and global citizen at heart. I learn, I build and I teach.','https://www.linkedin.com/in/testuser123',NULL,'V','Y','Y','Y','N','A','2016-05-16 03:23:32','2016-08-25 18:32:06','Android developer','Madhu',NULL,'https://cdn4.iconfinder.com/data/icons/user-11/164/13-128.png',NULL,NULL,NULL);
INSERT INTO `user` (`id`,`username`,`first_name`,`last_name`,`email`,`phone`,`city`,`state`,`country`,`zip`,`introduction`,`linkedin_url`,`personal_url`,`role`,`public_profile_flag`,`chat_flag`,`forum_flag`,`developer_flag`,`status`,`created_time`,`updated_time`,`title`,`github_url`,`developer_commit`,`avatar_url`,`resume_url`,`latitude`,`longitude`) VALUES (20,NULL,'Fan','Wang','Fwang56@gmail.com','384-304-6350','Cuauhtémoc','06500 Ciudad de ','MEX','CDMX',NULL,'https://www.linkedin.com/in/Fwang56',NULL,'V','Y','N','N','N','A','2016-03-05 13:46:23','2016-09-05 19:02:01','Software developer','Fan',NULL,'https://cdn2.iconfinder.com/data/icons/beard-people/300/Untitled-1-08-2-128.png',NULL,19.428523,-99.166415);
INSERT INTO `user` (`id`,`username`,`first_name`,`last_name`,`email`,`phone`,`city`,`state`,`country`,`zip`,`introduction`,`linkedin_url`,`personal_url`,`role`,`public_profile_flag`,`chat_flag`,`forum_flag`,`developer_flag`,`status`,`created_time`,`updated_time`,`title`,`github_url`,`developer_commit`,`avatar_url`,`resume_url`,`latitude`,`longitude`) VALUES (21,'Khu1234',NULL,NULL,'Khu1234@gmail.com',NULL,'Warsaw ',NULL,'POL','00-540','I’m a software developer with over 10 years experience.  The last 3 mostly Android development, with some iOS development as well.  Prior to that, I was a full-stack developer with Python on the backend.',NULL,NULL,'V','Y','Y','N','N','A','2016-03-16 12:05:12','2016-08-28 22:39:58','Ios developer',NULL,NULL,'https://cdn2.iconfinder.com/data/icons/beard-people/300/Untitled-1-01-2-128.png','https://www.smith.edu/cdo/pdf/resume-book.pdf',52.224495,21.023321);
INSERT INTO `user` (`id`,`username`,`first_name`,`last_name`,`email`,`phone`,`city`,`state`,`country`,`zip`,`introduction`,`linkedin_url`,`personal_url`,`role`,`public_profile_flag`,`chat_flag`,`forum_flag`,`developer_flag`,`status`,`created_time`,`updated_time`,`title`,`github_url`,`developer_commit`,`avatar_url`,`resume_url`,`latitude`,`longitude`) VALUES (22,'KsenAfa67889','Ksenia','Afanasyeva','KsenAfa67889@gmail.com',NULL,'75008 Paris',NULL,'FRA',NULL,NULL,NULL,NULL,'V','Y','Y','N','N','A','2016-02-15 17:43:31','2016-07-04 03:50:23','Website designer','Ksenia',NULL,'https://cdn4.iconfinder.com/data/icons/network-5/164/10-128.png',NULL,48.867623,2.319360);
INSERT INTO `user` (`id`,`username`,`first_name`,`last_name`,`email`,`phone`,`city`,`state`,`country`,`zip`,`introduction`,`linkedin_url`,`personal_url`,`role`,`public_profile_flag`,`chat_flag`,`forum_flag`,`developer_flag`,`status`,`created_time`,`updated_time`,`title`,`github_url`,`developer_commit`,`avatar_url`,`resume_url`,`latitude`,`longitude`) VALUES (23,'AnTest9000','Anna','Chepeleva','AnTest9000@gmail.com','153-263-0972','Kigali',NULL,'RWA',NULL,'I was an ETL developer, and have a pretty strong background writing complex queries, stored procedures, but am looking to donate time as a .NET developer to gain experience in what I’m hoping to do in my future position. I’m also learning web development so experience there would be great too.',NULL,NULL,'V','Y','Y','Y','N','A','2016-04-27 03:37:44','2016-10-30 00:18:42','Mobile app developer','Anna',NULL,'https://cdn4.iconfinder.com/data/icons/linecon/512/photo-128.png','http://www.pdfonline.com/easyconverter/sdk/pdf-to-word/conversion-samples/resumetemplate.pdf',-1.970579,30.104429);
INSERT INTO `user` (`id`,`username`,`first_name`,`last_name`,`email`,`phone`,`city`,`state`,`country`,`zip`,`introduction`,`linkedin_url`,`personal_url`,`role`,`public_profile_flag`,`chat_flag`,`forum_flag`,`developer_flag`,`status`,`created_time`,`updated_time`,`title`,`github_url`,`developer_commit`,`avatar_url`,`resume_url`,`latitude`,`longitude`) VALUES (24,'alinawatsonUDB',NULL,NULL,'alinawatsonUDB@gmail.com','+8698712345','Arcadia','Pretoria','ZAF','7',NULL,NULL,NULL,'V','Y','Y','N','N','A','2016-03-14 10:07:49','2016-11-14 00:32:23','Mobile app developer',NULL,NULL,'https://cdn2.iconfinder.com/data/icons/identificon/96/user-female_2-128.png',NULL,-25.745778,28.223374);
INSERT INTO `user` (`id`,`username`,`first_name`,`last_name`,`email`,`phone`,`city`,`state`,`country`,`zip`,`introduction`,`linkedin_url`,`personal_url`,`role`,`public_profile_flag`,`chat_flag`,`forum_flag`,`developer_flag`,`status`,`created_time`,`updated_time`,`title`,`github_url`,`developer_commit`,`avatar_url`,`resume_url`,`latitude`,`longitude`) VALUES (25,'SidneyMunoz24','Sidney','Munoz','SidneyMunoz24@gmail.com','5141948148','Kyiv',NULL,'UKR','2000','I work at a small tech company in lower Manhattan called GameChanger. I graduate from CMU 4 years ago. I am looking for a way to use my programming experience to give back and help people get better. ','https://www.linkedin.com/in/SidneyMunoz24',NULL,'V','Y','Y','Y','N','D','2016-04-16 10:10:07','2016-11-12 01:45:22','Sr Software developer',NULL,NULL,'https://cdn1.iconfinder.com/data/icons/ninja-things-1/1772/ninja-128.png',NULL,50.465044,30.431957);
INSERT INTO `user` (`id`,`username`,`first_name`,`last_name`,`email`,`phone`,`city`,`state`,`country`,`zip`,`introduction`,`linkedin_url`,`personal_url`,`role`,`public_profile_flag`,`chat_flag`,`forum_flag`,`developer_flag`,`status`,`created_time`,`updated_time`,`title`,`github_url`,`developer_commit`,`avatar_url`,`resume_url`,`latitude`,`longitude`) VALUES (26,'Shhhantelsh786','Shantel','Walsh','Shhhantelsh786@gmail.com','8877341939',NULL,NULL,NULL,NULL,NULL,NULL,NULL,'O','N','N','N','N','A','2016-03-22 05:43:16','2016-07-26 01:07:13',NULL,NULL,NULL,NULL,NULL,NULL,NULL);
INSERT INTO `user` (`id`,`username`,`first_name`,`last_name`,`email`,`phone`,`city`,`state`,`country`,`zip`,`introduction`,`linkedin_url`,`personal_url`,`role`,`public_profile_flag`,`chat_flag`,`forum_flag`,`developer_flag`,`status`,`created_time`,`updated_time`,`title`,`github_url`,`developer_commit`,`avatar_url`,`resume_url`,`latitude`,`longitude`) VALUES (27,'Schumilove45','Merin','Mandanna','Schumilove45@gmail.com','2736469876',NULL,NULL,NULL,NULL,NULL,'https://www.linkedin.com/in/Schumilove45',NULL,'V','Y','N','N','N','A','2016-01-31 14:58:13','2016-11-18 07:03:13','Website designer','Merin',NULL,NULL,NULL,NULL,NULL);
INSERT INTO `user` (`id`,`username`,`first_name`,`last_name`,`email`,`phone`,`city`,`state`,`country`,`zip`,`introduction`,`linkedin_url`,`personal_url`,`role`,`public_profile_flag`,`chat_flag`,`forum_flag`,`developer_flag`,`status`,`created_time`,`updated_time`,`title`,`github_url`,`developer_commit`,`avatar_url`,`resume_url`,`latitude`,`longitude`) VALUES (28,NULL,'Atanu','Das','ADdy030389@gmail.com',NULL,NULL,NULL,NULL,NULL,'\"I like to configure things my self and automate when needed. With that i mean \nI use DigitalOcean (I cannot afford experimenting on AWS… “sorry” to\ndisappoint again).\nP.S: I use Emacs with the evil-mode, just because I like to live my life on the \nedge (hahahaha –this one is funny–)… really I do.\"','https://www.linkedin.com/in/ADdy030389',NULL,'V','Y','Y','N','N','A','2016-04-05 16:59:23','2016-07-19 17:42:16','Website designer','Atanu',NULL,'https://cdn1.iconfinder.com/data/icons/ninja-things-1/720/ninja-background-128.png',NULL,NULL,NULL);
INSERT INTO `user` (`id`,`username`,`first_name`,`last_name`,`email`,`phone`,`city`,`state`,`country`,`zip`,`introduction`,`linkedin_url`,`personal_url`,`role`,`public_profile_flag`,`chat_flag`,`forum_flag`,`developer_flag`,`status`,`created_time`,`updated_time`,`title`,`github_url`,`developer_commit`,`avatar_url`,`resume_url`,`latitude`,`longitude`) VALUES (29,'BDevi65','Bombayla','Devi','BDevi65@gmail.com','4611170744','Moskva',NULL,'RUS','121099',NULL,'https://www.linkedin.com/in/BDevi65',NULL,'V','Y','N','N','N','A','2016-06-22 14:02:46','2016-09-17 15:59:05','Software developer',NULL,NULL,NULL,NULL,55.755256,37.581978);
INSERT INTO `user` (`id`,`username`,`first_name`,`last_name`,`email`,`phone`,`city`,`state`,`country`,`zip`,`introduction`,`linkedin_url`,`personal_url`,`role`,`public_profile_flag`,`chat_flag`,`forum_flag`,`developer_flag`,`status`,`created_time`,`updated_time`,`title`,`github_url`,`developer_commit`,`avatar_url`,`resume_url`,`latitude`,`longitude`) VALUES (30,'DKBDLM00',NULL,'Majhi','DKBDLM00@gmail.com',NULL,NULL,NULL,NULL,NULL,NULL,'https://www.linkedin.com/in/DKBDLM00',NULL,'V','Y','Y','Y','N','A','2016-01-03 04:11:22','2016-08-17 17:34:29','Software developer',NULL,NULL,'https://cdn2.iconfinder.com/data/icons/identificon/96/user-male-2-128.png','https://www.bucknell.edu/Documents/CDC/Creating_an_Effective_Resume.pdf',NULL,NULL);
INSERT INTO `user` (`id`,`username`,`first_name`,`last_name`,`email`,`phone`,`city`,`state`,`country`,`zip`,`introduction`,`linkedin_url`,`personal_url`,`role`,`public_profile_flag`,`chat_flag`,`forum_flag`,`developer_flag`,`status`,`created_time`,`updated_time`,`title`,`github_url`,`developer_commit`,`avatar_url`,`resume_url`,`latitude`,`longitude`) VALUES (31,'Maddy55','Madison','Long','Maddy55@gmail.com',NULL,'Tokyo',NULL,'JPN','107-8420','I work at a small tech company in lower Manhattan called GameChanger.  I am looking for a way to use my programming experience to give back and help people get better. ','https://www.linkedin.com/in/Maddy55',NULL,'V','Y','Y','Y','N','A','2016-03-27 12:02:54','2016-08-20 23:48:17','Software developer',NULL,NULL,'https://cdn4.iconfinder.com/data/icons/marvel-heroes-1/52/thor-128.png',NULL,35.668805,139.743326);

INSERT INTO `skill` (`id`,`skill_name`) VALUES (1,'HTML');
INSERT INTO `skill` (`id`,`skill_name`) VALUES (2,'CSS');
INSERT INTO `skill` (`id`,`skill_name`) VALUES (3,'JavaScript');
INSERT INTO `skill` (`id`,`skill_name`) VALUES (4,'Java');
INSERT INTO `skill` (`id`,`skill_name`) VALUES (5,'Python');
INSERT INTO `skill` (`id`,`skill_name`) VALUES (6,'Ruby');
INSERT INTO `skill` (`id`,`skill_name`) VALUES (7,'PhP');
INSERT INTO `skill` (`id`,`skill_name`) VALUES (8,'C++');
INSERT INTO `skill` (`id`,`skill_name`) VALUES (9,'SQL');
INSERT INTO `skill` (`id`,`skill_name`) VALUES (10,'Wordpress');
INSERT INTO `skill` (`id`,`skill_name`) VALUES (11,'Drupal');
INSERT INTO `skill` (`id`,`skill_name`) VALUES (12,'UI/UX Design');
INSERT INTO `skill` (`id`,`skill_name`) VALUES (13,'Graphic Design');
INSERT INTO `skill` (`id`,`skill_name`) VALUES (14,'Mobile App development');
INSERT INTO `skill` (`id`,`skill_name`) VALUES (15,'Android Development');
INSERT INTO `skill` (`id`,`skill_name`) VALUES (16,'Iod Development');
INSERT INTO `skill` (`id`,`skill_name`) VALUES (17,'HTML 5');
INSERT INTO `skill` (`id`,`skill_name`) VALUES (18,'AJAX');
INSERT INTO `skill` (`id`,`skill_name`) VALUES (19,'Linux');
INSERT INTO `skill` (`id`,`skill_name`) VALUES (20,'Wire framing');
INSERT INTO `skill` (`id`,`skill_name`) VALUES (21,'MS Visio');
INSERT INTO `skill` (`id`,`skill_name`) VALUES (22,'Photoshop');
INSERT INTO `skill` (`id`,`skill_name`) VALUES (23,'Objective C');
INSERT INTO `skill` (`id`,`skill_name`) VALUES (24,'Business analysis');
INSERT INTO `skill` (`id`,`skill_name`) VALUES (25,'Project management');

INSERT INTO `user_organization` (`id`,`user_id`,`organization_id`,`created_time`,`updated_time`) VALUES (1,2,1,'2016-01-26 10:31:03','2016-08-06 08:23:00');
INSERT INTO `user_organization` (`id`,`user_id`,`organization_id`,`created_time`,`updated_time`) VALUES (2,5,2,'2016-03-20 10:43:10','2016-12-20 11:33:44');
INSERT INTO `user_organization` (`id`,`user_id`,`organization_id`,`created_time`,`updated_time`) VALUES (3,10,3,'2016-06-10 19:45:59','2016-11-01 05:36:55');
INSERT INTO `user_organization` (`id`,`user_id`,`organization_id`,`created_time`,`updated_time`) VALUES (4,26,4,'2016-01-01 07:54:49','2016-10-19 12:01:25');

INSERT INTO `user_skill` (`id`,`user_id`,`skill_id`,`display_order`,`created_time`,`updated_time`) VALUES (1,1,1,0,'2016-05-16 00:21:45','2016-10-07 16:25:38');
INSERT INTO `user_skill` (`id`,`user_id`,`skill_id`,`display_order`,`created_time`,`updated_time`) VALUES (2,4,2,0,'2016-04-01 07:48:06','2016-07-06 03:59:56');
INSERT INTO `user_skill` (`id`,`user_id`,`skill_id`,`display_order`,`created_time`,`updated_time`) VALUES (3,7,3,0,'2016-06-11 19:56:42','2016-09-29 05:45:02');
INSERT INTO `user_skill` (`id`,`user_id`,`skill_id`,`display_order`,`created_time`,`updated_time`) VALUES (4,8,4,0,'2016-03-29 07:56:47','2016-07-25 10:03:53');
INSERT INTO `user_skill` (`id`,`user_id`,`skill_id`,`display_order`,`created_time`,`updated_time`) VALUES (5,9,5,0,'2016-01-11 18:44:34','2016-08-10 09:23:32');
INSERT INTO `user_skill` (`id`,`user_id`,`skill_id`,`display_order`,`created_time`,`updated_time`) VALUES (6,11,6,0,'2016-01-01 01:13:30','2016-11-17 21:24:42');
INSERT INTO `user_skill` (`id`,`user_id`,`skill_id`,`display_order`,`created_time`,`updated_time`) VALUES (7,12,7,0,'2016-01-06 14:10:34','2016-12-13 20:25:39');
INSERT INTO `user_skill` (`id`,`user_id`,`skill_id`,`display_order`,`created_time`,`updated_time`) VALUES (8,13,8,0,'2016-04-18 03:32:17','2016-07-01 15:57:14');
INSERT INTO `user_skill` (`id`,`user_id`,`skill_id`,`display_order`,`created_time`,`updated_time`) VALUES (9,14,9,0,'2016-06-05 02:05:27','2016-12-30 18:55:54');
INSERT INTO `user_skill` (`id`,`user_id`,`skill_id`,`display_order`,`created_time`,`updated_time`) VALUES (10,16,10,0,'2016-04-23 02:00:30','2016-11-06 22:38:26');
INSERT INTO `user_skill` (`id`,`user_id`,`skill_id`,`display_order`,`created_time`,`updated_time`) VALUES (11,17,11,0,'2016-01-10 14:15:41','2016-11-09 12:23:51');
INSERT INTO `user_skill` (`id`,`user_id`,`skill_id`,`display_order`,`created_time`,`updated_time`) VALUES (12,18,12,0,'2016-04-05 13:29:01','2016-12-09 19:29:01');
INSERT INTO `user_skill` (`id`,`user_id`,`skill_id`,`display_order`,`created_time`,`updated_time`) VALUES (13,19,13,0,'2016-01-26 18:28:13','2016-10-07 07:17:35');
INSERT INTO `user_skill` (`id`,`user_id`,`skill_id`,`display_order`,`created_time`,`updated_time`) VALUES (14,20,14,0,'2016-03-30 13:48:33','2016-08-28 09:39:58');
INSERT INTO `user_skill` (`id`,`user_id`,`skill_id`,`display_order`,`created_time`,`updated_time`) VALUES (15,21,15,0,'2016-05-05 14:09:06','2016-12-15 14:51:37');
INSERT INTO `user_skill` (`id`,`user_id`,`skill_id`,`display_order`,`created_time`,`updated_time`) VALUES (16,22,16,0,'2016-05-05 02:26:34','2016-10-17 05:27:04');
INSERT INTO `user_skill` (`id`,`user_id`,`skill_id`,`display_order`,`created_time`,`updated_time`) VALUES (17,23,17,0,'2016-03-08 14:09:43','2016-08-02 11:30:21');
INSERT INTO `user_skill` (`id`,`user_id`,`skill_id`,`display_order`,`created_time`,`updated_time`) VALUES (18,24,18,0,'2016-01-24 14:15:40','2016-12-17 11:14:39');
INSERT INTO `user_skill` (`id`,`user_id`,`skill_id`,`display_order`,`created_time`,`updated_time`) VALUES (19,25,19,0,'2016-05-18 19:00:32','2016-12-04 20:21:40');
INSERT INTO `user_skill` (`id`,`user_id`,`skill_id`,`display_order`,`created_time`,`updated_time`) VALUES (20,27,20,0,'2016-06-02 14:32:07','2016-10-05 21:06:58');
INSERT INTO `user_skill` (`id`,`user_id`,`skill_id`,`display_order`,`created_time`,`updated_time`) VALUES (21,28,21,0,'2016-02-07 09:07:27','2016-10-03 01:20:27');
INSERT INTO `user_skill` (`id`,`user_id`,`skill_id`,`display_order`,`created_time`,`updated_time`) VALUES (22,29,22,0,'2016-01-25 14:00:27','2016-08-11 21:10:27');
INSERT INTO `user_skill` (`id`,`user_id`,`skill_id`,`display_order`,`created_time`,`updated_time`) VALUES (23,30,23,0,'2016-03-20 12:54:34','2016-08-21 12:28:41');
INSERT INTO `user_skill` (`id`,`user_id`,`skill_id`,`display_order`,`created_time`,`updated_time`) VALUES (24,31,24,0,'2016-01-14 11:29:28','2016-12-08 09:51:46');
INSERT INTO `user_skill` (`id`,`user_id`,`skill_id`,`display_order`,`created_time`,`updated_time`) VALUES (25,1,25,0,'2016-06-09 20:32:56','2016-07-15 10:06:29');
INSERT INTO `user_skill` (`id`,`user_id`,`skill_id`,`display_order`,`created_time`,`updated_time`) VALUES (26,2,1,0,'2016-01-08 10:05:11','2016-12-24 17:42:01');
INSERT INTO `user_skill` (`id`,`user_id`,`skill_id`,`display_order`,`created_time`,`updated_time`) VALUES (27,1,2,0,'2016-02-11 17:07:32','2016-07-18 16:50:45');
INSERT INTO `user_skill` (`id`,`user_id`,`skill_id`,`display_order`,`created_time`,`updated_time`) VALUES (28,1,3,0,'2016-04-07 10:39:21','2016-12-06 01:02:30');
INSERT INTO `user_skill` (`id`,`user_id`,`skill_id`,`display_order`,`created_time`,`updated_time`) VALUES (29,8,4,0,'2016-04-10 21:02:51','2016-08-31 17:48:31');
INSERT INTO `user_skill` (`id`,`user_id`,`skill_id`,`display_order`,`created_time`,`updated_time`) VALUES (30,11,5,0,'2016-06-06 00:28:18','2016-08-17 13:18:33');
INSERT INTO `user_skill` (`id`,`user_id`,`skill_id`,`display_order`,`created_time`,`updated_time`) VALUES (31,12,6,0,'2016-05-17 07:36:34','2016-10-25 16:21:26');
INSERT INTO `user_skill` (`id`,`user_id`,`skill_id`,`display_order`,`created_time`,`updated_time`) VALUES (32,13,7,0,'2016-05-30 17:25:59','2016-07-13 15:02:01');
INSERT INTO `user_skill` (`id`,`user_id`,`skill_id`,`display_order`,`created_time`,`updated_time`) VALUES (33,14,8,0,'2016-06-21 17:08:07','2016-08-16 04:38:07');
INSERT INTO `user_skill` (`id`,`user_id`,`skill_id`,`display_order`,`created_time`,`updated_time`) VALUES (34,14,9,0,'2016-05-28 04:55:28','2016-11-04 19:01:48');
INSERT INTO `user_skill` (`id`,`user_id`,`skill_id`,`display_order`,`created_time`,`updated_time`) VALUES (35,14,10,0,'2016-03-22 14:08:13','2016-10-17 20:36:12');
INSERT INTO `user_skill` (`id`,`user_id`,`skill_id`,`display_order`,`created_time`,`updated_time`) VALUES (36,15,11,0,'2016-02-03 19:17:11','2016-12-01 04:11:30');
INSERT INTO `user_skill` (`id`,`user_id`,`skill_id`,`display_order`,`created_time`,`updated_time`) VALUES (37,15,12,0,'2016-01-04 21:22:25','2016-12-25 23:48:53');
INSERT INTO `user_skill` (`id`,`user_id`,`skill_id`,`display_order`,`created_time`,`updated_time`) VALUES (38,20,13,0,'2016-01-17 07:11:35','2016-10-23 20:20:08');
INSERT INTO `user_skill` (`id`,`user_id`,`skill_id`,`display_order`,`created_time`,`updated_time`) VALUES (39,21,14,0,'2016-05-29 18:31:37','2016-09-17 07:34:57');
INSERT INTO `user_skill` (`id`,`user_id`,`skill_id`,`display_order`,`created_time`,`updated_time`) VALUES (40,22,15,0,'2016-04-18 05:17:24','2016-11-19 22:12:11');
INSERT INTO `user_skill` (`id`,`user_id`,`skill_id`,`display_order`,`created_time`,`updated_time`) VALUES (41,23,16,0,'2016-01-06 06:26:07','2016-07-25 07:37:36');
INSERT INTO `user_skill` (`id`,`user_id`,`skill_id`,`display_order`,`created_time`,`updated_time`) VALUES (42,24,17,0,'2016-04-30 01:54:58','2016-09-11 18:33:36');
INSERT INTO `user_skill` (`id`,`user_id`,`skill_id`,`display_order`,`created_time`,`updated_time`) VALUES (43,24,18,0,'2016-06-29 22:35:35','2016-10-21 02:36:34');
INSERT INTO `user_skill` (`id`,`user_id`,`skill_id`,`display_order`,`created_time`,`updated_time`) VALUES (44,24,19,0,'2016-05-31 08:00:04','2016-11-21 03:37:23');
INSERT INTO `user_skill` (`id`,`user_id`,`skill_id`,`display_order`,`created_time`,`updated_time`) VALUES (45,24,20,0,'2016-02-17 14:52:34','2016-12-06 01:57:10');
INSERT INTO `user_skill` (`id`,`user_id`,`skill_id`,`display_order`,`created_time`,`updated_time`) VALUES (46,24,21,0,'2016-06-01 16:35:27','2016-08-17 13:01:20');
INSERT INTO `user_skill` (`id`,`user_id`,`skill_id`,`display_order`,`created_time`,`updated_time`) VALUES (47,24,22,0,'2016-04-23 13:49:36','2016-09-14 14:53:24');
INSERT INTO `user_skill` (`id`,`user_id`,`skill_id`,`display_order`,`created_time`,`updated_time`) VALUES (48,24,23,0,'2016-04-14 19:54:21','2016-07-31 10:37:08');
INSERT INTO `user_skill` (`id`,`user_id`,`skill_id`,`display_order`,`created_time`,`updated_time`) VALUES (49,2,24,0,'2016-02-13 02:45:35','2016-12-05 19:07:36');
INSERT INTO `user_skill` (`id`,`user_id`,`skill_id`,`display_order`,`created_time`,`updated_time`) VALUES (50,2,25,0,'2016-01-13 18:43:15','2016-07-12 17:42:48');

INSERT INTO `user_project` (`id`,`user_id`,`project_id`,`status`,`created_time`,`updated_time`) VALUES (1,1,2,'A','2016-05-19 08:39:37','2016-11-16 09:41:03');
INSERT INTO `user_project` (`id`,`user_id`,`project_id`,`status`,`created_time`,`updated_time`) VALUES (2,19,21,'B','2016-04-24 23:47:43','2016-11-04 22:15:26');
INSERT INTO `user_project` (`id`,`user_id`,`project_id`,`status`,`created_time`,`updated_time`) VALUES (3,1,23,'B','2016-01-19 08:41:10','2017-04-20 09:36:46');
INSERT INTO `user_project` (`id`,`user_id`,`project_id`,`status`,`created_time`,`updated_time`) VALUES (4,18,23,'B','2016-05-03 03:56:40','2016-07-04 20:06:44');
INSERT INTO `user_project` (`id`,`user_id`,`project_id`,`status`,`created_time`,`updated_time`) VALUES (5,17,17,'B','2016-02-20 06:51:48','2016-12-28 12:57:04');
INSERT INTO `user_project` (`id`,`user_id`,`project_id`,`status`,`created_time`,`updated_time`) VALUES (6,7,22,'A','2016-03-01 07:38:18','2016-07-17 02:34:09');
INSERT INTO `user_project` (`id`,`user_id`,`project_id`,`status`,`created_time`,`updated_time`) VALUES (7,14,20,'A','2016-04-10 05:28:28','2016-07-31 20:37:03');
INSERT INTO `user_project` (`id`,`user_id`,`project_id`,`status`,`created_time`,`updated_time`) VALUES (8,14,23,'A','2016-05-02 21:55:08','2016-08-23 21:41:08');
INSERT INTO `user_project` (`id`,`user_id`,`project_id`,`status`,`created_time`,`updated_time`) VALUES (9,24,18,'A','2016-02-06 11:25:00','2016-11-19 06:22:10');
INSERT INTO `user_project` (`id`,`user_id`,`project_id`,`status`,`created_time`,`updated_time`) VALUES (10,9,13,'B','2016-05-01 18:33:57','2017-04-20 09:36:46');
INSERT INTO `user_project` (`id`,`user_id`,`project_id`,`status`,`created_time`,`updated_time`) VALUES (11,13,22,'A','2016-03-23 02:38:42','2016-10-09 09:47:02');
INSERT INTO `user_project` (`id`,`user_id`,`project_id`,`status`,`created_time`,`updated_time`) VALUES (12,19,18,'B','2016-02-02 20:59:16','2016-09-30 17:53:36');
INSERT INTO `user_project` (`id`,`user_id`,`project_id`,`status`,`created_time`,`updated_time`) VALUES (13,20,3,'A','2016-01-21 10:46:24','2016-10-27 20:27:00');
INSERT INTO `user_project` (`id`,`user_id`,`project_id`,`status`,`created_time`,`updated_time`) VALUES (14,3,16,'B','2016-03-31 14:38:52','2017-04-20 09:36:46');
INSERT INTO `user_project` (`id`,`user_id`,`project_id`,`status`,`created_time`,`updated_time`) VALUES (15,23,16,'A','2016-01-07 11:21:47','2016-10-23 07:04:09');
INSERT INTO `user_project` (`id`,`user_id`,`project_id`,`status`,`created_time`,`updated_time`) VALUES (16,24,2,'B','2016-06-09 04:09:51','2016-12-19 20:40:22');
INSERT INTO `user_project` (`id`,`user_id`,`project_id`,`status`,`created_time`,`updated_time`) VALUES (17,19,2,'B','2016-02-11 16:17:05','2016-12-21 02:56:32');
INSERT INTO `user_project` (`id`,`user_id`,`project_id`,`status`,`created_time`,`updated_time`) VALUES (18,7,15,'B','2016-04-09 01:00:48','2016-10-12 09:11:01');
INSERT INTO `user_project` (`id`,`user_id`,`project_id`,`status`,`created_time`,`updated_time`) VALUES (19,17,12,'A','2016-04-05 02:28:57','2016-11-11 06:34:15');
INSERT INTO `user_project` (`id`,`user_id`,`project_id`,`status`,`created_time`,`updated_time`) VALUES (20,22,17,'A','2016-05-20 20:01:05','2016-09-01 07:30:07');
INSERT INTO `user_project` (`id`,`user_id`,`project_id`,`status`,`created_time`,`updated_time`) VALUES (21,24,1,'A','2016-01-06 08:11:07','2016-09-18 13:28:16');
INSERT INTO `user_project` (`id`,`user_id`,`project_id`,`status`,`created_time`,`updated_time`) VALUES (22,8,20,'B','2016-05-31 12:45:41','2017-04-20 09:36:46');
INSERT INTO `user_project` (`id`,`user_id`,`project_id`,`status`,`created_time`,`updated_time`) VALUES (23,4,7,'B','2016-04-26 18:21:24','2016-11-22 15:04:20');
INSERT INTO `user_project` (`id`,`user_id`,`project_id`,`status`,`created_time`,`updated_time`) VALUES (24,4,9,'B','2016-02-14 22:56:05','2017-04-20 09:36:46');
INSERT INTO `user_project` (`id`,`user_id`,`project_id`,`status`,`created_time`,`updated_time`) VALUES (25,19,18,'B','2016-06-29 04:01:48','2016-09-30 17:14:47');

INSERT INTO `project_skill` (`id`,`project_id`,`skill_id`,`display_order`,`created_time`,`updated_time`) VALUES (1,1,1,0,'2016-02-08 22:25:44','2016-09-12 07:05:51');
INSERT INTO `project_skill` (`id`,`project_id`,`skill_id`,`display_order`,`created_time`,`updated_time`) VALUES (2,2,2,0,'2016-01-12 21:48:21','2016-10-31 10:18:32');
INSERT INTO `project_skill` (`id`,`project_id`,`skill_id`,`display_order`,`created_time`,`updated_time`) VALUES (3,3,3,0,'2016-05-23 01:15:53','2016-10-11 08:46:58');
INSERT INTO `project_skill` (`id`,`project_id`,`skill_id`,`display_order`,`created_time`,`updated_time`) VALUES (4,4,4,0,'2016-04-23 19:31:07','2016-08-27 10:38:42');
INSERT INTO `project_skill` (`id`,`project_id`,`skill_id`,`display_order`,`created_time`,`updated_time`) VALUES (5,5,5,0,'2016-02-15 17:52:22','2016-08-05 12:20:26');
INSERT INTO `project_skill` (`id`,`project_id`,`skill_id`,`display_order`,`created_time`,`updated_time`) VALUES (6,6,6,0,'2016-01-18 09:12:16','2016-09-23 18:38:10');
INSERT INTO `project_skill` (`id`,`project_id`,`skill_id`,`display_order`,`created_time`,`updated_time`) VALUES (7,7,7,0,'2016-02-12 06:57:30','2016-08-27 16:28:50');
INSERT INTO `project_skill` (`id`,`project_id`,`skill_id`,`display_order`,`created_time`,`updated_time`) VALUES (8,8,8,0,'2016-04-20 01:48:45','2016-07-02 18:56:12');
INSERT INTO `project_skill` (`id`,`project_id`,`skill_id`,`display_order`,`created_time`,`updated_time`) VALUES (9,9,9,0,'2016-05-27 15:37:35','2016-11-18 15:24:14');
INSERT INTO `project_skill` (`id`,`project_id`,`skill_id`,`display_order`,`created_time`,`updated_time`) VALUES (10,10,10,0,'2016-05-22 11:15:48','2016-12-03 04:04:13');
INSERT INTO `project_skill` (`id`,`project_id`,`skill_id`,`display_order`,`created_time`,`updated_time`) VALUES (11,11,11,0,'2016-06-09 14:01:48','2016-12-23 06:03:25');
INSERT INTO `project_skill` (`id`,`project_id`,`skill_id`,`display_order`,`created_time`,`updated_time`) VALUES (12,12,12,0,'2016-04-03 22:39:15','2016-09-09 19:57:30');
INSERT INTO `project_skill` (`id`,`project_id`,`skill_id`,`display_order`,`created_time`,`updated_time`) VALUES (13,13,13,0,'2016-06-23 17:18:52','2016-08-09 22:22:30');
INSERT INTO `project_skill` (`id`,`project_id`,`skill_id`,`display_order`,`created_time`,`updated_time`) VALUES (14,14,14,0,'2016-04-27 07:21:29','2016-12-19 12:21:09');
INSERT INTO `project_skill` (`id`,`project_id`,`skill_id`,`display_order`,`created_time`,`updated_time`) VALUES (15,15,15,0,'2016-06-18 06:58:19','2016-12-04 18:59:01');
INSERT INTO `project_skill` (`id`,`project_id`,`skill_id`,`display_order`,`created_time`,`updated_time`) VALUES (16,16,16,0,'2016-03-29 11:11:03','2016-11-22 05:37:44');
INSERT INTO `project_skill` (`id`,`project_id`,`skill_id`,`display_order`,`created_time`,`updated_time`) VALUES (17,17,17,0,'2016-03-30 18:08:03','2016-07-22 02:33:22');
INSERT INTO `project_skill` (`id`,`project_id`,`skill_id`,`display_order`,`created_time`,`updated_time`) VALUES (18,18,18,0,'2016-03-20 01:48:39','2016-07-01 17:18:38');
INSERT INTO `project_skill` (`id`,`project_id`,`skill_id`,`display_order`,`created_time`,`updated_time`) VALUES (19,19,19,0,'2016-04-23 16:30:47','2016-12-27 23:30:29');
INSERT INTO `project_skill` (`id`,`project_id`,`skill_id`,`display_order`,`created_time`,`updated_time`) VALUES (20,20,20,0,'2016-03-25 00:01:37','2016-11-12 20:28:07');
INSERT INTO `project_skill` (`id`,`project_id`,`skill_id`,`display_order`,`created_time`,`updated_time`) VALUES (21,21,21,0,'2016-03-08 00:22:38','2016-10-09 06:40:09');
INSERT INTO `project_skill` (`id`,`project_id`,`skill_id`,`display_order`,`created_time`,`updated_time`) VALUES (22,22,22,0,'2016-06-10 04:06:17','2016-09-30 17:42:29');
INSERT INTO `project_skill` (`id`,`project_id`,`skill_id`,`display_order`,`created_time`,`updated_time`) VALUES (23,23,23,0,'2016-06-08 11:11:33','2016-11-15 14:23:52');
INSERT INTO `project_skill` (`id`,`project_id`,`skill_id`,`display_order`,`created_time`,`updated_time`) VALUES (24,24,24,0,'2016-02-08 01:14:39','2016-12-20 09:54:23');
INSERT INTO `project_skill` (`id`,`project_id`,`skill_id`,`display_order`,`created_time`,`updated_time`) VALUES (25,25,25,0,'2016-06-26 09:15:16','2016-07-30 20:56:49');
INSERT INTO `project_skill` (`id`,`project_id`,`skill_id`,`display_order`,`created_time`,`updated_time`) VALUES (26,2,1,0,'2016-02-09 19:37:21','2016-11-28 02:53:08');
INSERT INTO `project_skill` (`id`,`project_id`,`skill_id`,`display_order`,`created_time`,`updated_time`) VALUES (27,1,2,0,'2016-01-29 13:30:09','2016-07-01 21:33:15');
INSERT INTO `project_skill` (`id`,`project_id`,`skill_id`,`display_order`,`created_time`,`updated_time`) VALUES (28,1,3,0,'2016-05-19 08:07:12','2016-07-22 16:16:34');
INSERT INTO `project_skill` (`id`,`project_id`,`skill_id`,`display_order`,`created_time`,`updated_time`) VALUES (29,8,4,0,'2016-04-04 06:43:15','2016-12-18 08:51:25');
INSERT INTO `project_skill` (`id`,`project_id`,`skill_id`,`display_order`,`created_time`,`updated_time`) VALUES (30,11,5,0,'2016-01-11 08:53:20','2016-09-22 05:58:28');
INSERT INTO `project_skill` (`id`,`project_id`,`skill_id`,`display_order`,`created_time`,`updated_time`) VALUES (31,12,6,0,'2016-06-03 23:54:09','2016-08-02 03:56:08');
INSERT INTO `project_skill` (`id`,`project_id`,`skill_id`,`display_order`,`created_time`,`updated_time`) VALUES (32,13,7,0,'2016-03-04 09:03:22','2016-08-24 08:54:38');
INSERT INTO `project_skill` (`id`,`project_id`,`skill_id`,`display_order`,`created_time`,`updated_time`) VALUES (33,14,8,0,'2016-06-28 07:04:14','2016-10-02 23:04:06');
INSERT INTO `project_skill` (`id`,`project_id`,`skill_id`,`display_order`,`created_time`,`updated_time`) VALUES (34,14,9,0,'2016-05-14 13:16:25','2016-11-05 09:39:03');
INSERT INTO `project_skill` (`id`,`project_id`,`skill_id`,`display_order`,`created_time`,`updated_time`) VALUES (35,14,10,0,'2016-05-31 14:09:42','2016-09-30 09:55:55');
INSERT INTO `project_skill` (`id`,`project_id`,`skill_id`,`display_order`,`created_time`,`updated_time`) VALUES (36,15,11,0,'2016-06-19 14:36:52','2016-10-01 15:14:33');
INSERT INTO `project_skill` (`id`,`project_id`,`skill_id`,`display_order`,`created_time`,`updated_time`) VALUES (37,15,12,0,'2016-01-13 10:26:15','2016-11-13 19:05:02');
INSERT INTO `project_skill` (`id`,`project_id`,`skill_id`,`display_order`,`created_time`,`updated_time`) VALUES (38,20,13,0,'2016-06-07 16:09:37','2016-11-26 10:12:47');
INSERT INTO `project_skill` (`id`,`project_id`,`skill_id`,`display_order`,`created_time`,`updated_time`) VALUES (39,21,14,0,'2016-01-25 19:13:49','2016-12-19 22:45:09');
INSERT INTO `project_skill` (`id`,`project_id`,`skill_id`,`display_order`,`created_time`,`updated_time`) VALUES (40,22,15,0,'2016-06-16 09:20:43','2016-08-10 03:59:19');
INSERT INTO `project_skill` (`id`,`project_id`,`skill_id`,`display_order`,`created_time`,`updated_time`) VALUES (41,23,16,0,'2016-04-30 15:43:42','2016-07-27 00:26:53');
INSERT INTO `project_skill` (`id`,`project_id`,`skill_id`,`display_order`,`created_time`,`updated_time`) VALUES (42,24,17,0,'2016-06-03 22:51:48','2016-12-04 15:32:46');
INSERT INTO `project_skill` (`id`,`project_id`,`skill_id`,`display_order`,`created_time`,`updated_time`) VALUES (43,24,18,0,'2016-05-19 07:37:53','2016-11-24 15:25:54');
INSERT INTO `project_skill` (`id`,`project_id`,`skill_id`,`display_order`,`created_time`,`updated_time`) VALUES (44,24,19,0,'2016-03-25 01:29:28','2016-09-30 15:52:01');
INSERT INTO `project_skill` (`id`,`project_id`,`skill_id`,`display_order`,`created_time`,`updated_time`) VALUES (45,24,20,0,'2016-02-24 22:18:13','2016-12-12 13:29:19');
INSERT INTO `project_skill` (`id`,`project_id`,`skill_id`,`display_order`,`created_time`,`updated_time`) VALUES (46,24,21,0,'2016-03-07 22:50:00','2016-08-04 18:49:31');
INSERT INTO `project_skill` (`id`,`project_id`,`skill_id`,`display_order`,`created_time`,`updated_time`) VALUES (47,24,22,0,'2016-02-07 22:10:01','2016-09-27 17:34:56');
INSERT INTO `project_skill` (`id`,`project_id`,`skill_id`,`display_order`,`created_time`,`updated_time`) VALUES (48,24,23,0,'2016-04-25 04:17:05','2016-12-07 19:07:43');
INSERT INTO `project_skill` (`id`,`project_id`,`skill_id`,`display_order`,`created_time`,`updated_time`) VALUES (49,2,24,0,'2016-05-31 09:18:14','2016-07-03 07:06:43');
INSERT INTO `project_skill` (`id`,`project_id`,`skill_id`,`display_order`,`created_time`,`updated_time`) VALUES (50,2,25,0,'2016-04-03 11:27:14','2016-12-25 20:30:54');
